17922,1974,17375,3235,1
16916,1980,27510,1644,1
57486,1888,10005,1263,1
48991,1525,9562,3592,1
18921,1435,11728,3835,1
17470,1226,27675,1827,1
54070,1337,10669,1257,1
49826,1345,9772,3773,1
18100,1360,17218,3171,1
16622,1503,29411,1557,1
55940,1524,10528,1286,1
50189,1487,9471,3536,1
19322,1519,11653,3848,1
16227,1470,29993,1550,1
54524,1538,10904,1292,1
50683,1506,9634,4041,1
18584,1301,18151,3288,1
17106,1142,30255,1480,1
55835,1294,10975,1275,1
49823,1298,9826,2834,1
20461,1312,10048,4401,1
18050,1248,29879,1671,1
19752,1609,23521,1396,1
54918,458,9583,1172,1
46316,460,10039,2821,1
19529,448,10453,4023,1
17438,414,25773,2172,1
16508,614,27361,1365,1
55360,426,10149,1079,1
49438,389,9788,2636,1
19538,541,9584,3843,1
18555,452,24558,2343,1
16440,624,29088,1355,1
54882,340,10299,1168,1
53749,463,9537,3485,1
20346,515,18126,3122,1
17373,401,32074,1481,1
55510,345,10634,1128,1
46477,540,9658,2716,1
20276,513,10114,3844,1
18480,432,28895,1790,1
17618,572,25988,1338,1
56084,325,10465,1141,1
48556,472,9905,2757,1
19582,519,9523,3862,1
17637,257,23023,2449,1
15743,439,28848,1371,1
53799,488,10477,1077,1
52284,479,9543,2651,1
21139,411,9516,3906,1
19703,396,25651,2385,1
17032,507,30887,1387,1
55410,544,11000,1157,1
47833,379,9866,3342,1
18622,467,12612,3598,1
16092,67,30547,1510,1
16600,549,26820,1374,1
54856,433,10140,1131,1
49081,364,10035,2627,1
19971,420,9331,3792,1
20383,253,28449,2036,1
16897,483,29740,1404,1
57412,305,10803,1098,1
47232,397,9596,3264,1
20144,437,10602,4078,1
18406,295,33490,1435,1
55449,240,10712,1147,1
47508,273,9450,3426,1
20068,359,17433,3199,1
17361,299,32568,1415,1
17845,602,26790,1361,1
56187,348,9989,1104,1
41909,333,9913,2788,1
21381,350,10004,4032,1
18929,430,34313,1449,1
56248,149,10984,1148,1
51268,389,9714,3636,1
19922,341,23288,2705,1
17440,443,32678,1408,1
56047,310,11202,1148,1
50656,423,10333,3296,1
20254,435,12501,3652,1
18027,326,33823,1443,1
56532,199,11079,1160,1
48669,326,10256,2817,1
20071,428,10151,3840,1
18202,168,26052,2285,1
16673,451,30268,1390,1
55421,301,10598,1112,1
47286,332,9994,3673,1
20372,441,21756,2989,1
16770,444,31145,1356,1
55232,335,11019,1131,1
48062,368,9804,3475,1
20859,458,21284,2976,1
16573,462,31597,1351,1
55671,188,11040,1163,1
48648,352,10038,3631,1
19975,444,18453,3159,1
17369,197,34178,1473,1
55106,397,10862,1161,1
46550,399,10448,3310,1
19733,421,10645,3958,1
18807,483,32498,1652,1
16285,503,29298,1380,1
57460,381,10561,1106,1
44553,474,9986,3692,1
20131,344,25728,2523,1
17376,541,29277,1408,1
57780,376,10492,1093,1
45055,460,9847,3642,1
19232,428,24398,2657,1
17073,257,33230,1405,1
56815,365,10330,1099,1
44972,348,10041,3591,1
18556,458,22707,2864,1
17280,436,33998,1429,1
55857,379,10845,1097,1
44724,356,10113,3289,1
19966,403,12825,3818,1
17076,152,33678,1368,1
57200,366,10663,1110,1
44854,393,10243,3508,1
21364,371,25435,2600,1
16506,576,30939,1410,1
56616,356,11060,1151,1
46136,408,9808,3774,1
20540,374,25446,2691,1
16945,363,31085,1357,1
57089,411,10859,1124,1
45917,374,10129,3520,1
18626,379,22264,2993,1
16513,298,34737,1441,1
55754,251,11124,1142,1
45802,368,10667,3920,1
18033,363,18279,3267,1
16311,19,32815,1440,1
16718,541,27648,1383,1
54589,296,10479,1179,1
47746,347,10171,3986,1
18137,316,25334,2686,1
16614,159,32870,1462,1
55676,299,11525,1252,1
48476,288,10208,4446,1
19529,251,28352,2530,1
17079,526,29476,1493,1
55488,296,10367,1181,1
43655,307,10124,4455,1
18128,0,36825,1686,1
56026,358,11107,1250,1
46597,375,10456,4084,1
17094,462,24162,2776,1
14585,324,33305,1485,1
53798,188,11289,1265,1
46183,382,10560,3709,1
18900,392,16901,3568,1
16402,423,33346,1465,1
55946,261,11129,1243,1
48433,346,10656,4469,1
19091,446,31873,2190,1
56669,218,12215,1285,1
53465,422,10239,4390,1
19049,236,34336,1904,1
58626,389,11241,1284,1
51205,327,10706,4380,1
17503,157,32564,1882,1
16876,532,29599,1466,1
55784,390,10854,1231,1
43502,382,10468,3793,1
17826,986,23424,2999,1
16542,1265,29572,1448,1
55904,1004,10760,1216,1
45090,1084,10560,4474,1
19471,905,37220,1736,1
57229,885,11479,1257,1
49978,1072,10348,4448,1
19739,852,36941,1621,1
57491,1033,10986,1208,1
47799,1063,10487,4583,1
18353,1062,37229,1598,1
57060,1126,10849,1295,1
44493,1003,10746,4247,1
17067,965,32015,2023,1
15644,1106,30568,1496,1
56502,992,10944,1263,1
44758,1052,10735,4192,1
18263,926,33876,1841,1
18628,1370,31667,1509,1
60579,947,10990,1493,1
34000,994,10150,4494,1
19455,868,37052,1832,1
55386,990,12245,1296,1
50765,1109,10404,4528,1
18577,1017,38274,1711,1
59227,1084,11230,1304,1
49707,948,10442,4699,1
18098,1037,37327,1631,1
57932,1019,11087,1227,1
46916,1043,10307,4439,1
17658,885,32923,1992,1
55380,950,11963,1320,1
52053,1095,10180,4413,1
18428,91,37742,1731,1
57175,283,11907,1280,1
49467,348,10556,4579,1
18564,500,39089,1638,1
58652,339,11225,1229,1
46946,378,11000,4291,1
17277,210,30315,2276,1
16413,477,33233,1510,1
57565,362,10656,1332,1
39992,353,11011,4096,1
17334,337,28705,2475,1
16165,342,33950,1501,1
56643,384,10862,1299,1
41453,359,10541,4319,1
19109,456,33198,2034,1
57214,193,12718,1284,1
53554,432,10252,4439,1
19694,415,38180,1727,1
57841,300,11834,1297,1
51941,407,10421,4452,1
18354,279,38733,1728,1
57007,308,11681,1268,1
48055,368,10837,4139,1
17362,977,29593,2425,1
19015,633,28780,1433,1
57896,366,10881,1265,1
41652,390,10904,4172,1
18311,0,29463,2537,1
18271,340,29424,1465,1
55452,50,10903,1224,1
43232,62,10501,4339,1
19300,0,39503,1687,1
58359,234,11104,1203,1
48167,199,10706,4562,1
18275,270,39514,1617,1
57010,321,11377,1164,1
45509,260,10800,4336,1
18387,268,36938,1759,1
56760,213,12092,1256,1
50618,294,10744,4403,1
18323,174,38540,1646,1
56983,294,11318,1233,1
48134,276,10923,4473,1
18089,300,38224,1586,1
56763,415,11173,1239,1
45459,341,10860,4448,1
17824,186,34233,2024,1
54820,215,12538,1279,1
52764,282,10477,4653,1
19287,301,39465,1707,1
57049,48,11976,1291,1
49287,241,10603,4616,1
18510,0,39172,1679,1
58144,218,11423,1263,1
48921,323,10607,4799,1
18592,213,39459,1647,1
58467,312,10981,1259,1
45638,288,10492,4525,1
17525,96,35250,1818,1
55410,402,12308,1299,1
48005,236,11198,4369,1
17655,1174,26402,2785,1
17738,1835,29829,1562,1
58774,1633,11139,3299,1
20859,1594,12649,4489,1
17053,1990,32451,1671,1
57803,766,10819,1377,1
43275,362,10398,4865,1
18558,274,38560,1747,1
57963,180,11436,1283,1
47758,1042,10278,4972,1
18952,796,38683,1628,1
57434,1093,10891,1301,1
44749,1110,10675,4952,1
17683,1026,38385,1631,1
59922,1010,11189,1579,1
36488,939,10411,4801,1
17913,784,38207,1713,1
56807,286,11502,1262,1
46820,880,10824,4584,1
17311,794,37815,1613,1
56149,946,10688,1232,1
45538,1039,10324,4643,1
18865,0,38285,1711,1
58550,298,11772,1223,1
51011,381,10490,4847,1
19093,228,40312,1680,1
57799,303,11792,1220,1
49548,393,10508,4862,1
19156,220,40045,1658,1
58618,423,10885,1298,1
46134,309,10574,4707,1
17491,0,39461,1574,1
59001,487,10970,1266,1
42724,461,11156,4504,1
18416,430,38654,1774,1
58440,425,11632,1233,1
48426,445,10866,4735,1
18573,164,41127,1659,1
59391,438,11113,1258,1
47601,402,10782,4836,1
18206,278,39492,1649,1
57864,453,11069,1244,1
44160,474,11338,4639,1
17934,208,38418,1823,1
56795,477,11945,1306,1
49634,443,10453,4489,1
19427,143,39599,1743,1
57932,361,11679,1242,1
48203,419,10435,4740,1
18426,7,40395,1605,1
57568,496,11349,1254,1
46077,434,10711,4877,1
17706,314,40185,1653,1
58807,437,11305,1350,1
37193,405,10834,4626,1
17835,254,39306,1755,1
59202,371,11797,1288,1
48363,402,10830,4706,1
18781,441,41072,1657,1
58264,486,11494,1291,1
46610,459,10996,4828,1
17859,21,40480,1643,1
58999,422,11172,1351,1
43390,461,11367,4668,1
17573,78,39394,1725,1
58195,489,12283,1256,1
49582,418,11011,4812,1
19217,0,42114,1627,1
57424,445,11822,1278,1
48866,595,9973,4366,1
19633,538,34142,1598,1
16996,570,35418,1527,1
59415,620,11412,1509,1
37068,458,11008,4802,1
18304,257,41606,1587,1
58545,575,11370,1245,1
46846,579,11059,4851,1
18564,309,41444,1562,1
58562,566,11461,1270,1
43775,554,10727,4757,1
18695,505,41391,1651,1
57168,548,12462,1266,1
49440,567,11268,4835,1
18916,267,41595,1591,1
58591,512,11081,1280,1
45792,632,11224,4765,1
17720,365,41527,1610,1
57445,527,11450,1294,1
43714,529,10991,4621,1
18804,493,39909,1721,1
57770,575,11984,1245,1
49202,524,10864,4867,1
18762,320,42386,1666,1
58562,486,11823,1261,1
47346,557,10969,4776,1
18382,692,41396,1620,1
58302,656,11336,1330,1
45270,642,10845,4592,1
18158,489,40581,1674,1
56769,1243,12139,1276,1
48202,1250,11196,4693,1
18340,1248,39571,1608,1
58706,1356,11628,1262,1
45802,617,11125,4524,1
18032,522,39678,1851,1
57795,467,12646,1320,1
51090,568,11717,4758,1
18210,624,40604,1592,1
58821,681,11806,1407,1
38121,605,10701,4684,1
18901,474,41033,1702,1
58792,568,11980,1274,1
48797,534,10702,4857,1
19220,412,42185,1628,1
58126,548,11571,1298,1
47393,561,11424,4909,1
18353,172,42197,1595,1
60076,540,11304,1432,1
37968,534,10994,4728,1
17484,466,41533,1673,1
56668,580,12520,1250,1
48539,465,11750,4657,1
17848,451,34601,1345,1
56215,548,13332,1327,1
53429,548,10794,4741,1
19123,419,41785,1611,1
60114,511,11822,1371,1
40547,492,11385,4919,1
18154,296,41342,1609,1
58825,560,11827,1439,1
37648,627,11461,4905,1
18181,402,41247,1588,1
61424,552,11917,3125,1
21550,507,11176,4834,1
16847,421,39993,1548,1
60838,629,11900,3057,1
23179,592,11754,4821,1
17980,143,40984,1593,1
60591,566,11816,1490,1
38409,586,10905,4738,1
19149,204,42170,1638,1
59604,500,11886,1288,1
42409,565,11152,4851,1
19513,358,41921,1627,1
59421,589,11508,1292,1
40699,499,11486,4920,1
18888,264,42681,1633,1
58663,645,11440,1296,1
46650,1181,11613,5001,1
18118,1157,35376,847,1
59067,765,11303,1315,1
56798,1261,11496,5046,1
17769,1177,39488,1602,1
60582,1236,12166,3363,1
21331,1227,12076,4726,1
17682,1189,37810,1568,1
64331,1276,11692,4688,1
19054,1323,42360,1651,1
60347,1240,12295,3266,1
23062,1212,14144,4510,1
16999,1120,39537,1628,1
60357,1256,11945,4153,1
20985,1211,36259,2499,1
58266,1209,13539,1392,1
48692,1219,11275,4973,1
18277,1143,41753,1700,1
58932,1278,11688,1395,1
39683,1297,11184,4958,1
18129,1031,41388,1745,1
60690,1329,11758,1638,1
37992,1237,11490,4950,1
17740,1069,41023,1720,1
59502,1219,11795,1823,1
36966,1127,11038,4961,1
18338,1237,39134,1691,1
59666,1206,11778,756,1
41918,1172,10817,4365,1
18886,1002,41973,1774,1
62025,1212,11670,4738,1
18816,1133,41758,1913,1
60031,1103,11584,1532,1
41320,1184,11059,4785,1
18911,1097,41632,1733,1
61951,1204,12072,4507,1
19080,1144,41761,1933,1
60026,1107,11914,1491,1
41223,1253,11555,4833,1
18470,1014,42116,1759,1
60717,1228,11696,4413,1
19404,1200,41910,1928,1
59706,1170,11661,1473,1
42835,1142,11144,4993,1
17654,1154,39636,1710,1
61511,1148,12046,4313,1
18420,1230,39350,2072,1
58563,1200,12278,1398,1
44126,1144,10864,4896,1
18093,1201,40218,1690,1
60636,1058,11728,1780,1
31217,1236,11413,4912,1
17262,1180,38402,1683,1
61801,1131,11874,4780,1
19280,1255,41832,1977,1
60164,1251,11938,1428,1
41662,1196,11574,4967,1
17715,1118,39287,1669,1
62387,1168,11965,4723,1
19119,1067,41888,1930,1
60241,1149,12051,1594,1
42425,1230,11633,4982,1
17943,1088,38863,1709,1
63163,1171,11996,4666,1
18928,1175,41939,1958,1
59302,1344,11996,1445,1
41399,1302,11822,4640,1
17856,1201,41872,1694,1
59868,1312,11700,1596,1
38810,1399,11250,4554,1
18881,1366,42021,1718,1
58265,1467,11636,1449,1
39512,1396,11790,4845,1
18233,1078,41130,1651,1
62109,1317,12225,3632,1
22200,1292,30584,2912,1
18649,1577,34496,1593,1
61172,1239,12201,3545,1
22092,1189,15708,4356,1
17248,1157,39298,1652,1
61769,1269,11845,3765,1
21616,1133,35124,1950,1
17777,1348,36695,1639,1
63484,1262,11836,4757,1
18783,1189,43016,1664,1
62023,1230,12057,4304,1
19037,1212,42017,1805,1
60048,1317,11767,1404,1
41938,1334,11386,4712,1
18872,1181,43199,1649,1
62011,1319,12061,4576,1
19400,1224,43154,1819,1
59307,1295,12047,1404,1
42992,1354,12084,4824,1
17778,1345,40639,1577,1
62487,1238,12121,4623,1
19600,1223,42461,1855,1
60938,1223,12107,1436,1
42748,1244,11735,4769,1
18933,1118,44308,1676,1
49678,1012,11927,1254,1
42727,1172,12254,4404,1
19411,1258,43959,1711,1
61201,1231,12100,1792,1
32780,1223,11440,4872,1
18210,1165,41774,1626,1
60202,1184,12249,3045,1
22758,1260,13564,4542,1
18363,1271,40034,1593,1
61008,1318,12483,3939,1
21535,1203,37597,2325,1
58642,1162,14132,1388,1
49673,1195,11490,4768,1
19332,1303,43668,1675,1
61355,1287,12450,3306,1
23478,1269,24841,3609,1
21560,1619,32617,1500,1
62795,1208,12097,4327,1
19166,1225,43619,1713,1
59914,1243,12163,1439,1
43043,1268,12412,4679,1
19784,1146,44209,1598,1
63410,1351,12375,4108,1
19609,1304,43673,1669,1
60590,1243,12258,1387,1
42376,1213,11015,3913,1
20231,1192,41883,1299,1
59503,1148,13202,1230,1
46750,1124,12049,4098,1
19531,976,44809,1531,1
59804,1144,12332,1362,1
37803,1283,11740,4103,1
19945,938,45299,1463,1
60409,1214,12456,1503,1
38461,1218,11842,4233,1
19356,1030,44643,1463,1
61278,1227,12426,2598,1
25467,1216,13368,4162,1
18654,1094,44338,1422,1
59160,1219,12683,1308,1
40241,1183,12275,4274,1
19727,1060,44958,1483,1
61181,1188,12593,1619,1
32829,1275,13000,4340,1
19940,1203,44923,1459,1
62300,1153,12394,2867,1
23715,1198,25363,3276,1
18855,1179,40548,1393,1
62332,1147,12405,3281,1
21869,1257,25126,3324,1
18424,1416,39429,1375,1
62133,1200,12236,3691,1
20961,1192,43774,1677,1
58721,1248,13394,1231,1
46957,1203,12332,4347,1
19230,1305,46013,1524,1
59888,1167,12475,1420,1
38848,1241,11931,4366,1
20078,1268,46158,1485,1
61070,1253,12423,2210,1
30775,1193,11642,4282,1
19174,1075,44480,1481,1
61863,1176,12650,3089,1
21722,1232,15860,3901,1
18186,1390,40407,1380,1
62822,1248,12334,3720,1
21155,1237,42946,1760,1
58024,1139,13955,1239,1
48247,1240,13076,4326,1
18829,1037,44368,1448,1
61793,1244,12497,3251,1
21649,1150,29432,2977,1
17696,1425,39676,1350,1
64183,1274,12259,4136,1
19668,1268,45376,1499,1
60817,1259,12529,1324,1
39742,1218,12390,4343,1
19687,1248,46596,1512,1
61762,1225,12702,1529,1
32176,1252,12179,4318,1
19734,1124,46083,1490,1
60590,1300,13026,2232,1
31891,1271,11966,4299,1
19708,1067,45398,1467,1
63017,1260,12548,3601,1
21349,1221,40223,1894,1
57964,1381,14664,1269,1
49352,1261,12334,4397,1
18675,1295,44441,1502,1
62141,1295,12959,3347,1
21904,1192,25652,3393,1
18721,1379,39594,1436,1
62376,1195,12649,3750,1
20859,1281,44462,1776,1
60414,1142,13699,1260,1
48951,1224,12928,4559,1
18787,1097,45493,1459,1
63058,1230,12641,3981,1
21198,1285,44657,1831,1
59478,1296,12860,1316,1
41866,1221,11266,4014,1
19260,1265,41370,1344,1
60112,1204,13368,1319,1
47286,1257,12723,4606,1
19009,1144,44143,1460,1
64346,1268,12351,4438,1
19634,1176,46103,1601,1
61890,1330,12809,1609,1
34282,1179,11996,4631,1
18398,1252,45254,1468,1
64331,1257,12699,4435,1
20019,1154,46530,1603,1
59191,1275,12892,1415,1
41937,1256,12598,4661,1
19325,1290,44676,1501,1
64418,1285,12766,4526,1
19090,1131,46334,1633,1
57916,1308,12822,1289,1
42649,1181,13645,4603,1
19444,1313,44537,1501,1
64082,1299,12451,4422,1
19743,1197,46988,1599,1
60228,1302,12822,1390,1
42625,1267,13027,4667,1
18828,1134,46384,1474,1
62265,1258,12527,4223,1
19890,1137,46910,1632,1
60817,1332,12922,1560,1
42144,1211,12492,4651,1
18849,1401,45550,1506,1
64249,1238,12750,4429,1
19209,1128,46269,1747,1
59195,1238,12795,1350,1
42417,1256,12856,4654,1
19505,1112,46914,1439,1
63427,1304,13099,4375,1
19772,1341,46478,1663,1
60954,1211,12664,1437,1
42207,1283,13183,4693,1
19296,1335,47229,1474,1
64652,1285,12933,4273,1
19849,1211,46747,1640,1
62414,1302,12939,1415,1
44150,1279,12829,4534,1
19225,1143,46069,1496,1
64862,1336,12610,4171,1
20202,1307,46919,1630,1
60995,1266,12731,1394,1
43932,1260,13071,4590,1
19039,1127,48006,1465,1
62500,1295,13055,3761,1
21799,1128,44753,1787,1
61292,1296,12717,1292,1
43316,1235,12662,4621,1
19626,1230,47455,1496,1
63778,1316,12762,3992,1
19655,1212,46244,1757,1
60312,1205,12800,1295,1
44431,1327,12530,4675,1
18153,1222,44166,1454,1
61652,1170,13246,3601,1
22175,1137,45315,1873,1
61267,1189,12889,1304,1
44735,612,12672,4782,1
18436,1199,43906,1442,1
61444,1311,13092,3190,1
22304,1289,27073,3426,1
22439,1564,33338,1412,1
63298,1221,12766,4091,1
18902,1157,44787,1702,1
59761,1286,12589,1281,1
42544,1226,11990,4677,1
18862,1099,48255,1478,1
63144,1220,12451,4129,1
19381,1258,47413,1652,1
61393,1155,12637,1476,1
42626,1174,12272,4568,1
17882,1062,46340,1530,1
60444,493,13203,2945,1
22614,570,12674,4549,1
17519,382,45080,1522,1
57934,600,12591,1332,1
40114,586,11716,4675,1
18697,408,45332,1470,1
62702,573,12571,4500,1
19013,478,46548,1661,1
60710,520,12871,1418,1
40530,643,12613,4663,1
17830,292,46018,1488,1
63419,490,12655,4454,1
17773,450,45220,1603,1
59554,528,12456,1401,1
38824,544,12075,4383,1
18311,353,47257,1556,1
61885,548,12998,2496,1
26328,531,12748,4593,1
18138,271,44949,1479,1
63349,621,12735,3214,1
23978,473,26706,3477,1
18433,699,36932,1419,1
61576,470,12920,3452,1
21836,517,15402,4295,1
18345,536,33931,1023,1
56944,346,12159,1320,1
51207,574,12497,4663,1
17834,181,45108,1505,1
60699,448,13048,2502,1
26531,520,13561,4673,1
16704,419,44086,1502,1
61231,465,12885,3299,1
22414,434,16127,4240,1
17818,477,42938,1466,1
62951,453,12866,4565,1
19050,440,45605,1717,1
60870,477,12750,1390,1
41499,431,12695,4818,1
19227,270,47143,1499,1
64950,511,12762,4754,1
18862,416,47082,1600,1
62556,495,12944,3695,1
20251,466,36326,2594,1
59562,557,15376,1328,1
49933,365,12214,4650,1
18477,450,47060,1590,1
61408,469,12906,3221,1
22540,513,14885,4488,1
17462,403,44675,1475,1
62062,0,12808,4211,1
19031,0,46979,1694,1
61361,24,12606,1354,1
43885,0,12388,4753,1
18140,0,44303,1474,1
64122,218,12898,4594,1
19492,213,47097,1765,1
61185,103,12668,1373,1
42524,158,12673,4808,1
18106,0,47389,1594,1
62565,295,12807,4031,1
20235,235,40328,2184,1
58305,370,15399,1349,1
49772,284,13229,4906,1
17242,53,44988,1523,1
62612,276,12846,3643,1
20471,341,40059,2279,1
59570,45,14848,1376,1
49107,256,12062,4828,1
19595,110,49274,1569,1
62934,384,13400,4275,1
20155,315,46255,1801,1
59673,274,13407,1314,1
44921,314,12208,4869,1
17925,178,45676,1484,1
65134,348,12010,4768,1
18771,226,47367,1530,1
63906,403,12835,4609,1
18711,220,46468,1678,1
60649,276,13086,1535,1
39608,302,12394,4779,1
17535,384,46770,1548,1
61938,330,12780,4556,1
18219,218,45974,1659,1
58822,309,12590,1309,1
41188,308,13078,5003,1
17351,411,43378,1483,1
63397,257,13240,4786,1
19250,285,48989,1489,1
62998,326,12820,3961,1
21436,315,44693,2034,1
60849,307,12858,1315,1
43212,257,12511,4816,1
17848,241,45905,1481,1
65600,295,13018,4955,1
17725,50,47718,1483,1
62038,333,13272,4618,1
18720,267,47451,1647,1
58809,435,12733,1456,1
39766,1077,13175,4829,1
18127,855,46208,1525,1
64865,1132,12776,4837,1
17805,1018,48372,1530,1
62652,1188,13421,4637,1
18249,1032,45971,1771,1
60753,1125,13135,1511,1
42754,1092,13548,4836,1
17963,1206,43708,1485,1
63846,1126,13411,4598,1
18521,932,48441,1594,1
62996,1050,13653,4216,1
19541,1065,46597,1800,1
61798,1110,13617,3311,1
23585,1127,17418,4344,1
17792,1273,40241,1506,1
65764,1134,13837,4934,1
18015,1024,48880,1513,1
62868,1096,13553,4632,1
18270,926,49182,1638,1
62787,1119,13376,4437,1
19233,1046,47639,1792,1
59521,1158,13400,1563,1
37990,1184,14413,4900,1
17346,1091,45308,1572,1
65189,1144,13447,4904,1
17806,952,47160,1585,1
64961,1131,13815,4917,1
18317,963,48103,1605,1
64422,1198,13749,4895,1
18368,966,49564,1607,1
64702,1140,14024,4885,1
18734,1033,49517,1672,1
65241,1137,13601,4871,1
18326,991,49370,1575,1
63563,1142,13644,4716,1
18627,942,48972,1656,1
63066,458,13691,4572,1
19185,564,46433,1906,1
61309,491,13610,3132,1
23747,554,16392,4454,1
16546,757,41718,1546,1
64063,435,13344,4922,1
17837,444,48659,1561,1
61735,349,13578,4576,1
18109,278,48245,1807,1
59319,362,13327,1408,1
40623,370,12693,4788,1
17964,337,48853,1559,1
62477,342,13411,4667,1
17952,245,47652,1695,1
59927,310,13367,1545,1
40469,353,13248,4795,1
17090,39,49695,1543,1
62571,255,13594,4532,1
17160,237,46127,1751,1
59865,374,13158,1578,1
40456,317,13253,4713,1
17032,108,47561,1643,1
62349,342,13434,4394,1
17191,287,46460,1839,1
60185,277,13574,1540,1
41375,270,13039,4913,1
17037,1084,45270,1508,1
63929,1006,13927,5039,1
17345,358,47037,1510,1
64692,1024,13528,4976,1
17945,1026,47104,1592,1
65287,1052,13244,5051,1
18346,993,49577,1556,1
64974,1169,13680,4859,1
17479,876,47558,1659,1
62295,1027,13642,4017,1
18689,1077,46056,1859,1
61817,1045,13582,1482,1
38058,1161,13734,4747,1
17334,1086,47097,1470,1
64240,1132,13820,4726,1
17631,1180,48948,1532,1
62619,1069,13339,4678,1
18134,999,49500,1565,1
62535,1087,13298,4350,1
19471,1066,48226,1772,1
61245,1083,13387,3415,1
22361,329,13742,4710,1
18043,469,46512,1474,1
63327,281,13218,4925,1
17386,869,47288,1544,1
64629,1060,13507,4934,1
17589,1007,48195,1543,1
64103,1063,13884,4612,1
17280,1027,48107,1661,1
63309,1050,13862,4414,1
18512,1065,46996,1871,1
60211,1016,13621,2583,1
26791,1090,14332,4699,1
17443,1094,45456,1515,1
65248,1062,13774,4940,1
17669,996,48547,1455,1
62143,1060,13260,4604,1
17831,828,44233,1729,1
56362,1126,14029,1386,1
41899,1098,13311,4770,1
17780,1105,48326,1487,1
64942,1074,13123,4581,1
18092,680,49197,1510,1
61682,1073,13630,3905,1
20579,1034,47761,1838,1
61123,1156,13498,1410,1
45005,281,13695,4715,1
18183,335,45819,1454,1
65799,1197,14248,4820,1
18701,1010,47406,1488,1
66866,1095,14172,4742,1
20596,979,48304,1451,1
67320,1197,16020,4588,1
23786,1227,43325,1567,1
75215,1317,50545,1996,1
73922,1289,19005,4639,1
31954,1580,41656,1665,1
74382,1338,52164,2080,1
77148,1406,38999,3297,1
75180,1332,20423,4416,1
27891,1417,52075,1671,1
76281,1301,51373,2098,1
78472,1329,33809,3814,1
78250,1304,21588,4678,1
75818,1385,21446,3216,1
42132,1278,53908,1967,1
82009,1370,53707,2148,1
84510,1318,53756,2137,1
84442,1366,54812,2099,1
80807,1293,50078,2092,1
67781,1118,14515,4397,1
19615,1020,47565,1588,1
60719,364,13685,1369,1
40127,364,13335,4511,1
17282,470,47765,1472,1
63540,318,13134,4389,1
18916,415,49018,1565,1
59880,364,13556,1457,1
39944,385,13143,4707,1
18142,342,48639,1452,1
62736,328,13124,4289,1
19768,271,49212,1604,1
64065,355,13451,4335,1
19999,325,48531,1671,1
62297,316,14326,3189,1
23212,356,28106,3422,1
60856,488,17214,1319,1
47783,332,16714,4590,1
20360,369,47317,1455,1
65858,410,14905,4760,1
20017,405,48044,1476,1
63444,400,13573,4378,1
20319,374,49888,1671,1
66458,377,15510,4599,1
22078,273,50466,1562,1
67326,310,16973,4731,1
24300,492,42961,1496,1
68954,400,37507,3148,1
66443,396,16247,2899,1
29455,360,48153,2158,1
66545,453,16391,3623,1
24888,393,48668,1853,1
63252,413,14440,3153,1
24080,309,17733,4177,1
18765,329,46881,1407,1
65568,384,13516,4767,1
18481,168,48838,1436,1
64823,335,13573,4643,1
19218,489,49981,1454,1
64471,382,13678,4385,1
20771,388,47390,1645,1
60102,218,13929,1289,1
42859,308,13554,4679,1
18483,277,51527,1394,1
62939,383,13688,3962,1
21539,418,48478,1778,1
61382,328,13574,1254,1
44583,435,13100,4527,1
18314,153,52209,1390,1
62762,387,13452,3755,1
20489,394,46310,1831,1
61071,328,13499,1280,1
42315,318,13112,4394,1
18020,249,50881,1400,1
63740,345,13576,4105,1
18481,262,47806,1622,1
58840,409,14090,1247,1
44500,382,13727,4679,1
17470,290,48063,1375,1
66341,386,14918,4660,1
17911,779,48312,1415,1
62764,1096,13503,4522,1
18321,1182,49940,1586,1
64344,1043,14044,4600,1
18549,806,51012,1446,1
63905,1120,13757,4245,1
19653,1152,50235,1688,1
63213,1101,13949,3742,1
22642,1092,49901,1871,1
61601,1153,13963,2771,1
24739,1119,14746,4671,1
16892,1179,44378,1492,1
66189,1066,14218,4900,1
17532,767,50679,1519,1
51428,728,13312,1263,1
39825,989,14196,4472,1
17446,806,47536,1565,1
64833,1139,13978,4740,1
17556,834,49921,1520,1
63153,1026,13762,4415,1
17969,1193,46681,1773,1
57468,1070,14582,1358,1
43088,1122,13946,4881,1
18218,1005,47044,1425,1
64683,1115,13332,4831,1
18448,958,49532,1432,1
63702,1183,13918,4861,1
18474,957,51891,1421,1
64706,1206,13828,4888,1
17367,1179,48399,1434,1
64847,1124,13187,4975,1
17990,940,49465,1437,1
64206,1203,13495,4749,1
18214,895,50858,1502,1
65461,1189,15377,4790,1
17457,947,48192,1458,1
66058,1121,14645,4910,1
17056,1188,43249,1446,1
65913,1151,14895,4779,1
17468,1029,49729,1508,1
62699,1145,13621,4534,1
18496,1147,49489,1743,1
61204,1276,13608,2965,1
23075,1051,34687,3169,1
20200,1359,39892,1411,1
65260,1144,14227,5003,1
18721,1349,43554,1386,1
65294,1094,14386,5022,1
17952,1167,44987,1437,1
63933,1192,14737,5047,1
21720,1414,38462,1380,1
66335,1156,14132,4922,1
17185,1144,44800,1397,1
64787,1104,13680,4842,1
17724,963,50088,1537,1
63901,1172,14123,4674,1
17766,973,51881,1555,1
66216,1085,14658,4827,1
17900,1198,43906,1419,1
63128,1152,13946,4846,1
18193,1016,51910,1446,1
64894,1150,13598,5117,1
17882,1286,42558,1409,1
65502,1207,12960,5009,1
18260,1255,50292,1461,1
63146,1103,13283,4702,1
18511,845,51562,1512,1
64971,1113,12866,5159,1
16868,1141,43815,1422,1
64643,1272,12800,4996,1
18684,1022,50265,1509,1
65341,1153,13595,5037,1
18105,1109,47462,1471,1
66207,1216,14988,5143,1
18817,1377,43359,1407,1
56873,1210,13937,4494,1
18824,1196,50337,1827,1
63808,1142,13699,3226,1
22701,1143,34736,2983,1
62403,1077,14938,1346,1
44163,1157,13930,4964,1
17176,950,46465,1443,1
65095,1179,15795,4958,1
17415,1226,42508,1420,1
64926,1124,13466,4930,1
17543,910,50282,1430,1
64122,1090,13633,4758,1
17897,888,52087,1480,1
64253,1245,13070,4980,1
17412,1188,47732,1479,1
62780,1246,13471,4757,1
17803,844,49626,1491,1
65393,1147,13809,4814,1
18333,861,51483,1528,1
64916,1244,13644,4979,1
17620,889,49060,1476,1
65227,1172,14169,5039,1
18003,1186,44013,1491,1
64229,1138,13339,4815,1
16995,661,45354,1601,1
59959,1136,13727,4214,1
18151,1162,46584,1839,1
60736,1025,13717,1402,1
44587,1184,14292,4973,1
17556,985,47307,1544,1
64803,1176,12936,5139,1
17740,1038,44169,1438,1
63903,1136,13410,4980,1
18968,980,50582,1478,1
65980,1187,14130,5254,1
16682,1135,43906,1486,1
67150,1064,13371,5270,1
17914,1054,45073,1497,1
63991,1188,13577,5284,1
19563,1505,40182,1425,1
65130,1159,14014,5366,1
17958,1313,43063,1456,1
66267,1104,13422,5318,1
18644,1240,43744,1528,1
63924,1250,15302,5253,1
19481,1443,40644,1442,1
66102,1170,13987,5229,1
17737,1265,43386,1515,1
63326,1230,12955,4474,1
18227,986,45907,1658,1
63957,1185,14059,4290,1
20345,1165,47850,1994,1
60722,1102,13301,1664,1
36595,1099,14562,5097,1
17206,1187,45395,1509,1
63988,1217,13088,5197,1
18091,1292,41854,1474,1
64091,1212,13931,5223,1
17036,1092,44778,1494,1
65477,1192,14187,5265,1
17341,1129,46838,1494,1
64513,1229,13072,5091,1
17256,1265,47839,1525,1
64257,1179,13415,4911,1
17848,1181,48121,1521,1
62858,1178,13844,4766,1
18452,1052,50799,1557,1
65411,1311,13225,5170,1
18795,1282,43198,1435,1
66025,1155,14532,5094,1
17337,1122,45568,1503,1
63453,1235,13036,5196,1
18476,1218,47721,1462,1
64547,1278,13048,5122,1
18693,1151,49781,1441,1
50975,1088,13494,1197,1
36959,1186,12319,4754,1
17808,1086,48045,1483,1
65436,1219,12744,5212,1
18202,1400,43808,1493,1
63103,1237,14626,5469,1
61531,1090,15638,1481,1
45785,1239,13598,5358,1
18416,1298,42030,1499,1
66729,1185,14908,5337,1
17129,1178,44384,1541,1
62589,1161,13131,5311,1
17199,1073,46805,1522,1
64521,1133,13130,5327,1
18111,1215,43925,1469,1
65248,1214,14088,5450,1
18177,1091,45450,1469,1
64436,1130,15146,5234,1
16924,455,43595,1433,1
65705,410,14213,5349,1
18673,501,44048,1460,1
65406,510,13733,5351,1
17780,445,46064,1483,1
66222,502,15115,5296,1
17232,404,42737,1485,1
66326,518,14191,5356,1
17729,345,45641,1482,1
62308,393,13471,5392,1
18128,243,47184,1498,1
64854,407,13673,5358,1
17310,366,44141,1497,1
65244,377,14354,5488,1
18321,275,46961,1487,1
57017,417,15304,5175,1
62088,466,17195,1466,1
48191,364,18529,4733,1
62480,507,17991,1465,1
47040,475,14845,5106,1
20038,576,43042,1496,1
63741,437,13940,5015,1
17586,387,47644,1502,1
65778,453,13794,5288,1
17749,492,44459,1473,1
65649,461,14037,5288,1
18873,524,43735,1547,1
62551,325,12310,5375,1
18539,475,46500,1563,1
64761,488,13469,5279,1
21547,409,40802,1491,1
68161,402,15285,5263,1
19635,533,45401,1533,1
65585,436,17003,5012,1
62414,308,17740,1421,1
48132,447,15317,5173,1
20208,552,44002,1538,1
66187,551,37444,3321,1
64141,620,17604,1653,1
42945,396,37409,3204,1
63044,437,16140,1755,1
43982,379,16749,4893,1
19132,499,44153,1484,1
63373,381,13827,5231,1
18960,403,46181,1533,1
66256,405,14017,5274,1
19088,609,41425,1525,1
66301,353,14139,5353,1
18533,434,45324,1508,1
65259,447,14476,5220,1
22550,578,39567,1467,1
66934,451,14595,5230,1
19836,539,44002,1499,1
63244,355,14831,5180,1
18686,467,46138,1489,1
66512,427,14488,5211,1
17490,523,43296,1471,1
65689,465,13633,5298,1
17576,464,45008,1483,1
66791,392,14157,5222,1
18062,520,45631,1574,1
64510,384,13857,5242,1
19611,495,41216,1473,1
65930,361,13731,5365,1
18534,484,45067,1520,1
64971,440,15164,5234,1
60739,487,17524,1413,1
48604,349,16184,4982,1
18269,518,43465,1494,1
66457,376,13977,5318,1
18787,322,46228,1519,1
64924,401,16324,5165,1
22400,482,40217,1505,1
67623,0,15534,5220,1
19490,222,44033,1500,1
63016,75,14630,5303,1
59811,206,17512,1434,1
45796,169,14378,5386,1
18415,247,42702,1513,1
66395,123,13796,5319,1
19627,241,44672,1503,1
63396,139,15218,5343,1
62117,192,17751,1511,1
48026,102,18818,4849,1
22094,201,41935,1550,1
62194,103,15504,5264,1
62118,67,16987,1573,1
46253,187,18586,4792,1
63334,104,17199,1469,1
48197,96,16959,5039,1
19993,249,43037,1520,1
62648,149,15317,5325,1
61299,65,17457,1508,1
47405,92,19761,4763,1
22860,330,40202,1502,1
62202,97,16310,5096,1
19082,179,44438,1565,1
62507,102,15317,5355,1
60189,199,16631,1416,1
45466,93,15388,5266,1
21738,290,40704,1430,1
65218,200,13586,5308,1
17748,117,45238,1478,1
64874,184,13170,5060,1
18393,134,53047,1493,1
65646,143,13247,5354,1
17737,199,43381,1488,1
65489,211,13649,5392,1
16936,163,46494,1476,1
62950,116,13290,5336,1
17385,197,48199,1488,1
64161,97,13151,5405,1
17520,95,44568,1455,1
64581,171,13421,5336,1
17647,130,46381,1470,1
63189,74,13005,5450,1
17220,126,42444,1486,1
64459,173,13291,5219,1
17781,0,50314,1496,1
65362,162,13576,5263,1
17178,218,46841,1503,1
64100,179,13925,5470,1
16631,100,44557,1445,1
64475,195,13959,5227,1
17326,113,46489,1432,1
63538,104,14335,5244,1
61155,228,16193,1370,1
46200,200,14662,5369,1
18626,245,43356,1453,1
65994,231,13919,5225,1
17361,9,45736,1466,1
66237,173,14037,5321,1
18216,0,48132,1475,1
65979,201,13960,5482,1
18271,217,43494,1470,1
64608,127,13432,5322,1
17341,176,46797,1464,1
63330,116,13629,5245,1
18137,0,47999,1499,1
65469,308,14189,5369,1
17724,296,45631,1430,1
66237,317,14115,5554,1
17868,70,48082,1438,1
64135,327,13840,5365,1
17102,264,44016,1476,1
66048,296,13437,5303,1
18010,273,46084,1441,1
63836,282,15011,5275,1
19469,421,41577,1428,1
66342,291,15293,5250,1
17809,398,44209,1417,1
64535,192,13407,5211,1
17550,207,46384,1444,1
62602,262,12837,5290,1
17743,361,48279,1473,1
66567,288,13546,5374,1
17184,277,44725,1456,1
66107,297,13895,5236,1
16983,284,48015,1470,1
63462,330,13126,5299,1
17652,230,48840,1537,1
66439,1039,14843,5297,1
17308,1041,44410,1473,1
67349,1026,14413,5388,1
18200,1124,46320,1480,1
64944,999,14825,5316,1
17542,1079,44302,1438,1
66415,1056,14642,5446,1
18037,1069,45378,1413,1
62792,1031,13768,5043,1
17025,1003,48871,1425,1
65566,1058,15094,5198,1
17277,1099,43669,1404,1
64647,1151,14091,5034,1
17718,1036,46425,1401,1
63882,1099,14300,5120,1
20534,1187,40146,1367,1
65269,1109,13905,5023,1
17640,1129,44296,1359,1
67107,1135,13893,5163,1
17872,1021,46802,1392,1
64470,1182,14825,4981,1
18616,1356,42880,1344,1
65648,1159,14267,5069,1
17851,1106,44958,1324,1
65419,1138,13531,4863,1
19538,1062,51662,1396,1
65292,1113,14074,5017,1
17968,1256,44403,1336,1
66719,1109,14422,5107,1
17914,1193,46560,1336,1
64075,1265,13624,4910,1
18169,1242,48330,1327,1
67165,1205,14916,4860,1
18938,1399,44115,1313,1
66745,1057,13752,4901,1
17660,1078,46794,1325,1
65306,1146,14416,4818,1
18564,1087,47559,1330,1
66088,1091,13870,4914,1
18562,1216,44250,1308,1
66161,1092,13767,4697,1
19557,922,52909,1335,1
65586,1128,13942,4938,1
18605,1056,48504,1322,1
65776,1243,14130,4830,1
18602,1150,50962,1333,1
65319,1196,13382,4631,1
19081,1195,52603,1348,1
66717,1208,14950,4821,1
18465,1467,44563,1335,1
65139,1281,14013,4899,1
19411,1301,51122,1329,1
67017,1189,13951,4972,1
18718,1412,46754,1369,1
66832,1271,13787,5021,1
18672,1331,45011,1323,1
66497,1272,13822,5128,1
18506,1471,45562,1320,1
64357,1386,13870,5021,1
18033,1349,48245,1383,1
66910,1560,13511,5025,1
18656,1701,45046,1337,1
62682,800,14186,5126,1
18448,286,47584,1350,1
65760,268,14650,5073,1
18123,351,44747,1371,1
66520,282,13376,5150,1
17490,146,47254,1372,1
63242,248,13576,5185,1
18209,1529,46640,1418,1
65671,1621,14998,5052,1
18407,1805,43683,1369,1
65469,1619,13224,5152,1
18077,1848,46175,1366,1
65272,1625,16378,4885,1
20559,1877,41087,1378,1
66420,1465,14662,5183,1
19301,1581,44773,1350,1
63827,1316,16672,4874,1
60694,1325,16889,1310,1
46317,1171,14237,5123,1
19071,1287,42522,1381,1
65712,1099,14045,5237,1
18050,1160,45102,1412,1
64471,1113,16956,4920,1
19999,1270,40598,1360,1
66766,1080,14177,5077,1
17480,251,45164,1343,1
64883,280,13573,5198,1
17778,254,47232,1379,1
64573,287,14151,5127,1
18045,265,49580,1395,1
66298,269,13737,5360,1
17706,245,45193,1398,1
66606,265,13858,5100,1
17784,350,48607,1345,1
65188,272,13972,5141,1
18492,351,43420,1294,1
66277,288,13347,4992,1
18440,835,51316,1357,1
63584,1127,13913,4711,1
19846,965,52586,1333,1
65454,1165,13445,4900,1
18700,799,50764,1297,1
66163,1054,13379,4710,1
19262,966,52184,1288,1
64741,1099,15108,4767,1
19056,1217,47243,1286,1
64896,1151,13185,4700,1
18402,1130,50571,1286,1
66850,1120,14000,4678,1
18469,1209,52712,1285,1
65084,1115,14843,4577,1
17738,983,49312,1250,1
65570,1190,13797,4604,1
18974,998,51160,1260,1
63174,1082,13943,4391,1
19816,982,53454,1426,1
62861,1094,13944,4104,1
19516,1283,53359,1520,1
64273,1144,14339,4374,1
19073,1152,55112,1398,1
67233,1130,14253,4665,1
19067,1110,53722,1342,1
64297,1172,14093,4826,1
18670,1043,49921,1308,1
65507,1162,13716,4827,1
18767,0,54303,1299,1
65037,384,14130,4792,1
17830,200,50667,1312,1
65197,446,13551,4773,1
18516,450,51950,1322,1
65456,492,14081,4832,1
19450,353,53565,1331,1
64775,415,14544,4996,1
18452,91,50485,1356,1
66914,411,13711,5116,1
17313,380,46654,1346,1
65311,417,13991,4661,1
18604,0,54169,1387,1
64771,455,14029,4945,1
18085,366,50190,1402,1
63308,382,13702,4659,1
18663,397,52307,1403,1
63824,423,13347,4979,1
17703,421,49489,1360,1
65302,1198,13875,5113,1
18695,1338,45238,1356,1
63550,1198,14877,4865,1
17466,288,49420,1321,1
66133,483,14203,5040,1
17867,490,44509,1373,1
65958,446,13421,5033,1
17870,388,49111,1373,1
63518,448,14580,5131,1
17725,286,49472,1370,1
65411,438,14808,5251,1
17130,371,46115,1380,1
66587,457,14247,5182,1
18284,371,47776,1393,1
64774,463,14770,5187,1
18211,581,44493,1367,1
66816,384,15532,5201,1
18058,430,46190,1400,1
62255,402,13634,5176,1
18152,149,48089,1379,1
65427,487,14694,5201,1
17326,310,45573,1351,1
65273,482,13568,5035,1
18205,316,52669,1368,1
63697,460,14150,5114,1
17217,479,48888,1381,1
65934,481,13525,5081,1
16930,402,44784,1390,1
66021,414,13582,5037,1
17898,261,47723,1364,1
64761,492,15417,4927,1
18231,231,50083,1337,1
66372,529,13653,4985,1
18350,592,46114,1323,1
62095,451,15597,4973,1
16865,486,48844,1346,1
64522,1248,14893,4966,1
17992,1380,44442,1347,1
65658,1261,14982,5083,1
17246,1223,46227,1348,1
65606,1342,14331,5020,1
18316,1416,48571,1361,1
64899,1316,13802,5061,1
18428,1419,44133,1335,1
66404,1233,13398,5032,1
17970,1451,46682,1354,1
64591,1320,16975,4838,1
19738,1417,42626,1347,1
66360,1170,14800,5046,1
17816,1402,44892,1345,1
67322,1287,14342,5073,1
17300,1251,47050,1394,1
64495,1315,15547,4957,1
17439,1376,44363,1318,1
64752,1308,13965,5051,1
17403,487,45916,1348,1
63379,456,14174,4943,1
19004,321,54288,1368,1
65968,491,14125,5156,1
17649,451,45677,1352,1
67017,372,14491,5204,1
17609,1190,47368,1359,1
64490,482,14097,5092,1
17928,543,49390,1364,1
66116,454,13898,5119,1
17707,469,45799,1362,1
65255,490,14095,4995,1
18327,359,53401,1380,1
64237,489,13733,4945,1
17076,379,49849,1389,1
64467,517,14631,4939,1
18978,560,51604,1356,1
64183,458,13921,4672,1
18528,412,54627,1349,1
66060,384,15199,4968,1
17446,418,46599,1319,1
67128,505,14267,5049,1
17551,282,46850,1335,1
63163,445,14636,4966,1
17684,250,49715,1337,1
63546,459,14540,4750,1
17974,31,51891,1318,1
66240,507,14921,4878,1
17151,382,47927,1346,1
64882,432,14744,4980,1
17178,272,51351,1318,1
65280,418,13364,4985,1
18104,282,51924,1349,1
65740,531,14257,4783,1
19017,0,54770,1325,1
65095,509,14469,4954,1
17765,479,50602,1335,1
65191,512,14300,4834,1
18066,432,52402,1352,1
63224,575,14562,4613,1
18360,269,55461,1321,1
64008,527,14073,4774,1
18464,272,52109,1327,1
65155,527,13563,4652,1
18605,229,54402,1325,1
64182,567,13484,5007,1
18058,548,50322,1316,1
65019,611,14098,4934,1
18480,384,51953,1331,1
64802,561,14270,4733,1
19381,167,53501,1313,1
65547,568,14012,4938,1
18616,1265,50908,1344,1
65229,497,14199,5015,1
18429,457,53878,1323,1
63407,518,14088,4977,1
17928,237,50552,1315,1
66959,544,13844,5037,1
17588,480,47018,1325,1
63276,1320,15208,4982,1
17725,1079,49376,1340,1
64791,544,14103,5052,1
17668,0,50531,1328,1
66863,534,13848,5014,1
18150,1394,47312,1341,1
64242,651,14268,5045,1
17430,612,49117,1357,1
65819,585,13804,5180,1
17929,694,45298,1337,1
67122,527,14504,5104,1
18421,648,47100,1378,1
63858,594,13947,5220,1
21041,759,42436,1346,1
67339,523,14572,4993,1
17644,549,47796,1368,1
62942,575,14816,5076,1
17695,580,49365,1366,1
65015,657,13365,5194,1
18083,313,50129,1405,1
66120,569,14824,5097,1
18379,502,46412,1344,1
63023,578,14263,4952,1
17703,1235,48362,1352,1
65249,1323,14742,4983,1
17658,1360,46107,1323,1
64544,1379,14667,5108,1
18013,1354,46720,1322,1
64203,601,14543,5039,1
17260,331,51088,1336,1
65623,1390,14764,5116,1
18515,1417,45578,1330,1
63402,1330,14326,4995,1
18467,1367,47950,1327,1
65799,1330,16474,4799,1
17462,1367,45040,1344,1
67173,1444,15181,5060,1
18113,1531,45782,1349,1
63670,1327,14673,5031,1
17661,1330,48870,1349,1
65963,1315,13868,5092,1
17203,604,47460,1340,1
61913,536,14207,5173,1
18359,561,48665,1343,1
65022,1391,14694,5062,1
20521,1585,41435,1356,1
66236,1254,14407,5099,1
18245,1352,46340,1369,1
63402,1250,15266,4998,1
17993,675,48644,1384,1
65525,578,14710,5174,1
17679,587,47026,1344,1
60827,494,13875,5228,1
17773,502,48529,1344,1
64453,562,14601,5098,1
61904,370,17289,1287,1
47346,540,13908,5097,1
18042,614,46000,1363,1
65398,542,13951,5006,1
18422,630,55056,1376,1
64102,1292,14461,5106,1
17713,1339,44808,1354,1
65906,1383,14481,5156,1
18579,1423,47141,1347,1
63355,1295,17786,4786,1
18301,1166,48909,1353,1
65992,1338,15572,4909,1
18214,692,45061,1365,1
65470,595,14383,5031,1
18353,499,47007,1346,1
64873,561,15663,5002,1
62376,50,17008,1280,1
48023,590,15505,4993,1
17782,512,44968,1389,1
65447,1290,15146,5134,1
17642,1257,48262,1349,1
65232,1355,14433,4985,1
18968,1494,43536,1351,1
65691,1363,14690,5276,1
17718,1250,47950,1364,1
63331,1320,14411,5196,1
17284,1201,49712,1391,1
66422,1268,15527,5036,1
18197,1428,46369,1340,1
62763,1352,17268,4831,1
18229,1286,48181,1383,1
64971,1344,14216,5167,1
18158,1483,43475,1374,1
66053,1337,14157,5071,1
17412,1274,46193,1379,1
62919,1297,17695,4845,1
18046,1293,47757,1359,1
63963,1326,15782,4976,1
18189,1455,44203,1356,1
65354,1354,14223,5162,1
17417,1210,46382,1366,1
62690,1334,14582,5027,1
16961,1255,49430,1370,1
66188,1309,17542,4718,1
16777,1264,45056,1375,1
64208,1394,14325,5037,1
17562,1358,47482,1340,1
63685,1397,15230,4947,1
18078,1500,48934,1355,1
64723,1320,15553,5005,1
18050,1433,46209,1355,1
63014,1261,15868,4903,1
17375,1292,48966,1372,1
64129,1276,15470,5008,1
17128,1338,44665,1343,1
63864,1356,14801,5007,1
17947,1226,53507,1379,1
64503,1347,14728,4957,1
17788,1498,49139,1360,1
64602,1339,14511,5142,1
17260,1336,46828,1354,1
61867,1339,16090,4894,1
17674,1288,47067,1378,1
63466,1301,14868,5039,1
17291,1338,49985,1377,1
65916,1311,13936,5122,1
17010,1348,46974,1330,1
62423,1324,15724,4939,1
17415,1197,49203,1387,1
64771,1329,15470,5029,1
17399,1220,45930,1379,1
62391,1271,16946,4882,1
17886,1410,47087,1365,1
64631,1287,14990,4954,1
18158,1334,49200,1375,1
65970,1301,14674,5211,1
19235,1462,46202,1359,1
63136,1322,16064,5051,1
60962,1178,17265,1321,1
46021,1357,17520,4799,1
17504,1408,45399,1369,1
66849,1290,13824,5296,1
18171,1372,46650,1385,1
63895,1338,17534,4871,1
61706,1173,17402,1295,1
47165,1336,14556,4998,1
17363,1347,45286,1378,1
64681,1362,15045,5073,1
16886,1244,48560,1387,1
63264,1943,14533,5203,1
17243,2606,41691,1446,1
64663,2719,15173,5357,1
18092,3050,41592,1496,1
65841,2913,14106,5381,1
18593,2892,45192,1467,1
65651,2594,16193,5038,1
17376,2376,42819,1381,1
65628,1520,13422,5148,1
18991,1380,45938,1341,1
65145,1400,17356,4793,1
19848,1579,42276,1339,1
67503,1253,17153,4806,1
18958,1353,45032,1329,1
61971,1331,13745,4982,1
17905,1353,47530,1354,1
64778,1355,14340,4954,1
17813,1161,50282,1364,1
64479,1324,14533,4937,1
18117,1068,52939,1341,1
64433,1330,17227,4856,1
19581,1613,41398,1311,1
65979,1256,15379,5049,1
18297,1432,46478,1347,1
62403,1261,14763,4996,1
17371,1310,47728,1372,1
64446,1351,14122,5024,1
17663,1419,48736,1371,1
66257,1288,14973,5136,1
18051,1325,46126,1330,1
63854,1331,17333,4779,1
18287,1356,47579,1344,1
66932,1304,16977,4831,1
17954,1395,45320,1337,1
65502,1319,14884,5182,1
18315,1401,47023,1364,1
64968,1340,17498,4791,1
17739,1504,43518,1327,1
64445,1355,13498,4399,1
19092,1256,54733,737,1
61610,1668,14557,4715,1
19354,1787,57244,1458,1
66379,2056,20453,4591,1
17475,2231,44017,1393,1
66403,1977,15069,5279,1
17941,2075,45722,1383,1
63389,1996,16179,5031,1
19586,2354,41280,1378,1
65831,1678,14539,5200,1
18589,1633,46111,1372,1
62885,1329,14790,5130,1
17225,1368,48485,1371,1
65308,1318,14735,5134,1
18254,782,45334,1361,1
65446,0,14789,5204,1
17415,0,48563,1369,1
63157,0,14225,5256,1
61147,0,17282,1317,1
47455,205,16755,4942,1
17906,286,45897,1384,1
57870,228,14158,4776,1
19050,0,54773,1619,1
65807,346,14312,5216,1
18478,318,49395,1449,1
65004,344,14483,5427,1
18109,364,44651,1418,1
66194,298,14030,5434,1
17971,299,47946,1433,1
65528,319,13550,5375,1
17444,427,44543,1424,1
67205,297,14947,5477,1
60980,0,16657,1351,1
52375,405,16931,5063,1
61703,435,17885,1375,1
47344,305,14178,5443,1
16990,493,45179,1461,1
64908,318,13965,5047,1
18010,103,54330,1413,1
64753,427,14674,5287,1
16889,399,43476,1453,1
66552,356,15146,5283,1
17529,277,46184,1416,1
63712,382,14161,5373,1
19628,530,42344,1398,1
65397,419,13853,5419,1
17095,336,44820,1410,1
66394,410,14548,5374,1
17404,280,46605,1471,1
63895,370,14980,5185,1
17936,438,44679,1388,1
66336,394,14988,5396,1
17893,361,45759,1437,1
66550,364,14336,5411,1
17529,274,47912,1443,1
66811,339,17122,5072,1
16858,423,45404,1428,1
66211,435,14380,5364,1
17395,256,47756,1400,1
63298,303,15042,5230,1
61559,380,17526,1351,1
47143,330,17514,5017,1
17586,262,45774,1417,1
64919,326,14624,5173,1
16554,290,48750,1416,1
63007,348,14645,5160,1
16712,0,50980,1409,1
64512,335,14718,5263,1
16704,200,47654,1394,1
63013,326,15103,5250,1
19554,602,41568,1393,1
64656,406,15069,5260,1
17569,330,44889,1403,1
66583,165,14670,5267,1
17084,382,48288,1406,1
63912,362,15340,5221,1
16871,388,43306,1423,1
65513,403,15208,5224,1
17475,352,46112,1419,1
62683,332,15552,5085,1
17027,296,48556,1422,1
64954,381,15064,5236,1
17100,310,45700,1388,1
66771,374,14609,5395,1
18047,507,47576,1395,1
63215,379,14488,5375,1
21617,652,41429,1404,1
66033,437,15215,5381,1
18511,1346,46392,1434,1
64165,1208,20945,4627,1
64103,1118,16178,1399,1
44931,431,15492,5202,1
17362,765,43681,1392,1
65474,332,15066,5115,1
17735,1158,44900,1452,1
62035,1070,14708,5176,1
17172,1043,49109,1421,1
65628,451,13716,5328,1
18496,476,45540,1430,1
62026,328,15100,5353,1
62795,1219,16424,1353,1
46746,1140,38752,3224,1
64530,1198,14608,1739,1
35983,1029,19397,4698,1
17321,1281,47763,1434,1
63444,1086,17682,4920,1
62066,1215,16757,1383,1
47282,316,16466,5005,1
17459,1238,45805,1420,1
61971,1120,20026,4723,1
60974,1100,16872,1451,1
43274,374,15248,5131,1
17381,203,49075,1431,1
65242,409,13663,5295,1
17010,324,46492,1421,1
65532,388,15150,5508,1
17922,243,49179,1415,1
64504,355,14582,5312,1
59300,261,10361,1419,1
59123,1152,15639,4887,1
17868,1089,45861,1435,1
62775,1002,16039,5050,1
17836,1227,49360,1381,1
66107,1085,21295,4554,1
17902,1331,44584,1409,1
64777,1235,15064,5339,1
18406,1162,47077,1438,1
63273,1185,14767,5116,1
17521,1287,43600,1391,1
65557,1204,15992,5161,1
17866,1221,44456,1427,1
65868,1178,14093,5235,1
17093,1130,48466,1422,1
63700,1188,14660,5243,1
18910,1497,43315,1385,1
66088,1018,15093,5229,1
17778,1286,46047,1423,1
63593,1132,20080,4785,1
61234,1046,17210,1416,1
46248,1076,17949,4895,1
18681,1246,42809,1434,1
67008,1053,16216,5071,1
18213,1122,46177,1419,1
63851,1141,14020,5308,1
62558,1155,17288,1398,1
49192,1133,20954,4543,1
17883,1238,45971,1421,1
63207,1091,17988,4915,1
62666,859,16852,1396,1
46100,1202,17193,4929,1
17997,1283,45412,1415,1
62137,1137,17189,5041,1
63795,1167,16251,1461,1
45388,1258,17271,4871,1
62272,1304,17215,1363,1
46874,1157,19057,4896,1
18373,1391,45211,1456,1
61254,1173,15197,5322,1
61658,1134,17022,1460,1
46718,1183,39349,3221,1
61807,1065,15460,1444,1
42852,1186,19325,4750,1
63803,1149,16133,1475,1
46617,1146,39047,3105,1
64981,1185,14714,3598,1
24366,1158,53770,2021,1
64341,1164,14961,5028,1
18977,1010,56683,1418,1
67574,1138,15617,5340,1
63296,1286,16392,1408,1
46344,1119,40310,2985,1
63107,1184,14922,1699,1
42093,1100,20224,4663,1
18230,1299,47020,1426,1
63211,1174,17048,5023,1
62418,1211,17377,1361,1
45860,1230,16142,5008,1
17470,1223,46209,1422,1
61306,1044,19116,4921,1
63735,1229,15865,1487,1
44413,1275,17673,4983,1
62879,1254,17260,1388,1
47868,1074,21165,4680,1
17433,1240,46087,1434,1
61568,1186,16660,5185,1
62200,1026,17430,1451,1
45524,1131,17093,4985,1
17499,1328,44512,1423,1
66397,1144,15372,5257,1
19270,1146,46397,1431,1
63509,1138,17559,4991,1
62825,1168,17496,1446,1
47403,1130,20552,4578,1
17720,1242,45383,1434,1
59855,1153,14620,4725,1
17905,1202,54114,1419,1
63134,1112,14999,5326,1
63154,1122,16992,1362,1
47314,1167,15531,5185,1
18737,1320,47208,1447,1
61849,1143,18324,4999,1
62592,1107,17112,1392,1
46725,1140,39590,3120,1
63239,1156,15228,1533,1
42027,1130,16930,5012,1
17166,1120,45940,1462,1
63207,1171,17814,4969,1
60774,1050,17960,1350,1
46550,1146,19677,4778,1
17702,1190,46506,1438,1
61949,1115,17341,5011,1
61496,1053,17254,1439,1
45151,1142,21879,4586,1
17554,1236,44770,1396,1
64736,1223,14510,5408,1
17150,1166,46627,1403,1
62099,1205,16026,5291,1
63518,1039,16920,1472,1
47131,1193,21471,4559,1
17590,1407,44798,1380,1
66690,1239,15620,5380,1
18109,1415,48555,1436,1
63680,417,15082,5240,1
62155,92,17911,1395,1
47244,333,15923,5132,1
17301,394,46057,1401,1
66378,378,15092,5288,1
16789,361,48645,1429,1
63675,341,14441,5354,1
17706,440,45681,1396,1
60810,394,14548,5251,1
17067,181,46987,1401,1
63349,233,15602,5108,1
60960,468,17730,1385,1
46413,346,15077,5007,1
17374,547,46470,1411,1
60706,281,15277,5214,1
17198,89,48276,1408,1
63012,359,15775,5165,1
17878,527,44322,1370,1
65323,445,14597,5289,1
17249,411,47405,1374,1
61667,391,15288,5206,1
17489,282,48709,1421,1
64793,404,15481,5258,1
17728,459,44843,1389,1
64384,391,14722,5368,1
17446,212,49719,1444,1
64384,400,15539,5152,1
