0,166,177,13.0,-1
84,155,127,7.0,-1
107,183,187,11.0,-1
71,212,249,14.0,-1
32,166,212,7.0,-1
17,164,149,6.0,-1
116,175,231,8.0,-1
101,181,187,11.0,-1
62,246,90,4.0,-1
46,185,261,8.0,-1
63,250,173,13.0,-1
41,213,151,13.0,-1
60,196,219,9.0,-1
12,267,272,8.0,-1
84,164,272,8.0,-1
71,230,148,18.0,-1
0,201,139,11.0,-1
84,208,249,12.0,-1
88,244,234,13.0,-1
82,92,99,4.0,-1
104,254,156,5.0,-1
85,239,256,7.0,-1
103,259,151,13.0,-1
91,208,236,11.0,-1
132,163,63,8.0,-1
86,266,272,17.0,-1
124,190,230,7.0,-1
58,246,170,18.0,-1
120,294,261,12.0,-1
124,245,184,12.0,-1
184,291,284,14.0,-1
61,183,243,12.0,-1
129,198,74,8.0,-1
117,277,266,17.0,-1
134,196,182,14.0,-1
59,272,273,12.0,-1
49,147,131,10.0,-1
119,268,170,16.0,-1
160,228,235,15.0,-1
146,194,181,16.0,-1
111,275,237,11.0,-1
90,251,256,8.0,-1
110,271,170,16.0,-1
66,144,168,14.0,-1
139,238,140,14.0,-1
140,318,281,18.0,-1
130,241,282,19.0,-1
86,191,98,8.0,-1
167,255,236,8.0,-1
108,202,181,9.0,-1
119,268,219,16.0,-1
122,217,249,10.0,-1
80,183,188,12.0,-1
129,207,174,10.0,-1
138,187,181,17.0,-1
126,248,197,15.0,-1
76,155,182,10.0,-1
87,242,155,10.0,-1
153,221,239,8.0,-1
482,269,282,11.0,-1
176,227,256,6.0,-1
120,183,144,8.0,-1
127,225,177,10.0,-1
125,183,198,9.0,-1
100,236,204,13.0,-1
66,159,147,3.0,-1
559,214,247,7.0,-1
165,236,258,13.0,-1
50,266,231,9.0,-1
41,217,220,11.0,-1
0,136,166,9.0,-1
49,239,250,6.0,-1
38,184,168,8.0,-1
49,231,229,13.0,-1
37,194,24,8.0,-1
12,251,234,11.0,-1
65,240,267,15.0,-1
70,300,282,5.0,-1
11,231,195,10.0,-1
9,191,217,8.0,-1
529,118,204,13.0,-1
45,114,209,1.0,-1
0,154,147,12.0,-1
601,144,182,12.0,-1
0,142,132,11.0,-1
431,55,85,8.0,-1
565,174,113,13.0,-1
87,91,155,8.0,-1
549,150,95,17.0,-1
573,124,228,10.0,-1
544,183,40,8.0,-1
578,174,178,9.0,-1
648,224,227,15.0,-1
592,145,167,17.0,-1
555,57,206,18.0,-1
649,217,101,15.0,-1
590,125,99,14.0,-1
68,62,157,12.0,-1
77,88,134,13.0,-1
419,122,130,19.0,-1
592,89,105,2.0,-1
617,104,173,14.0,-1
588,115,125,12.0,-1
588,109,152,12.0,-1
592,114,127,16.0,-1
590,135,174,9.0,-1
0,7,72,9.0,-1
148,72,14,0.0,-1
0,132,129,15.0,-1
49,76,270,13.0,-1
0,9,172,16.0,-1
98,76,117,10.0,-1
49,114,174,11.0,-1
22,121,108,16.0,-1
33,34,231,14.0,-1
55,111,200,15.0,-1
108,63,169,12.0,-1
0,70,60,5.0,-1
53,112,121,16.0,-1
90,119,241,13.0,-1
68,75,139,15.0,-1
138,30,32,9.0,-1
84,109,180,9.0,-1
47,109,121,14.0,-1
157,177,293,21.0,-1
63,91,278,22.0,-1
123,126,284,16.0,-1
94,56,127,0.0,-1
42,103,99,20.0,-1
657,107,154,13.0,-1
656,136,160,22.0,-1
619,0,95,12.0,-1
383,158,38,25.0,-1
91,129,144,20.0,-1
116,27,165,19.0,-1
37,52,138,12.0,-1
51,148,125,20.0,-1
96,81,233,15.0,-1
89,123,110,18.0,-1
137,68,157,19.0,-1
51,92,144,11.0,-1
49,29,26,11.0,-1
152,199,271,24.0,-1
92,122,168,20.0,-1
139,153,218,21.0,-1
87,102,136,12.0,-1
74,108,108,20.0,-1
45,25,138,15.0,-1
67,142,134,20.0,-1
115,11,37,15.0,-1
90,105,152,12.0,-1
72,119,113,20.0,-1
18,73,221,18.0,-1
679,120,145,15.0,-1
645,93,159,16.0,-1
672,115,104,23.0,-1
59,90,107,14.0,-1
66,29,25,7.0,-1
115,75,205,10.0,-1
72,126,144,21.0,-1
112,47,140,18.0,-1
89,121,145,14.0,-1
91,98,161,18.0,-1
100,81,216,11.0,-1
91,128,115,11.0,-1
110,10,193,15.0,-1
103,0,134,16.0,-1
42,0,115,18.0,-1
105,0,200,8.0,-1
107,91,100,19.0,-1
96,22,207,17.0,-1
111,47,95,16.0,-1
107,42,162,18.0,-1
146,165,246,25.0,-1
59,97,246,25.0,-1
77,0,248,25.0,-1
106,123,139,17.0,-1
34,74,160,15.0,-1
33,116,226,12.0,-1
36,144,127,19.0,-1
90,52,144,21.0,-1
114,119,129,18.0,-1
105,68,162,16.0,-1
34,79,132,11.0,-1
39,121,147,21.0,-1
92,44,175,22.0,-1
46,83,92,15.0,-1
85,43,98,11.0,-1
55,109,201,11.0,-1
37,104,148,20.0,-1
79,0,74,16.0,-1
132,163,104,11.0,-1
114,87,208,15.0,-1
693,162,223,21.0,-1
630,115,224,20.0,-1
723,146,182,12.0,-1
715,136,156,13.0,-1
627,188,94,16.0,-1
633,117,185,20.0,-1
639,75,62,12.0,-1
695,141,222,13.0,-1
716,111,144,13.0,-1
628,208,98,16.0,-1
691,88,190,10.0,-1
682,118,129,16.0,-1
702,83,119,16.0,-1
683,90,168,10.0,-1
630,210,91,15.0,-1
669,141,177,19.0,-1
644,66,129,15.0,-1
691,87,42,12.0,-1
716,77,142,13.0,-1
658,179,100,18.0,-1
666,130,175,18.0,-1
694,117,134,20.0,-1
695,111,56,20.0,-1
717,91,196,17.0,-1
645,171,94,15.0,-1
634,104,182,8.0,-1
690,82,94,12.0,-1
689,97,126,15.0,-1
715,172,221,20.0,-1
731,257,225,19.0,-1
680,128,174,15.0,-1
662,137,178,15.0,-1
686,123,126,14.0,-1
720,117,147,11.0,-1
663,175,107,18.0,-1
646,88,161,20.0,-1
667,108,177,16.0,-1
682,120,153,19.0,-1
699,124,238,14.0,-1
643,126,82,13.0,-1
683,120,171,18.0,-1
667,160,170,15.0,-1
123,130,105,13.0,-1
102,156,132,20.0,-1
114,122,155,13.0,-1
134,139,77,18.0,-1
119,88,173,19.0,-1
98,82,116,20.0,-1
182,179,228,17.0,-1
495,135,159,15.0,-1
730,258,223,20.0,-1
707,163,208,23.0,-1
689,109,134,21.0,-1
661,161,120,15.0,-1
682,143,166,17.0,-1
672,186,181,14.0,-1
641,141,196,17.0,-1
639,103,46,18.0,-1
662,199,159,18.0,-1
680,150,168,17.0,-1
655,151,139,19.0,-1
616,83,117,16.0,-1
684,157,117,19.0,-1
667,165,207,16.0,-1
692,160,172,14.0,-1
635,149,138,18.0,-1
672,178,212,15.0,-1
628,104,101,18.0,-1
669,87,63,14.0,-1
715,195,167,19.0,-1
683,155,116,20.0,-1
664,184,213,14.0,-1
629,124,124,20.0,-1
675,113,200,18.0,-1
713,131,164,12.0,-1
673,143,167,19.0,-1
673,186,211,18.0,-1
724,157,161,23.0,-1
728,102,45,9.0,-1
697,165,185,17.0,-1
682,154,133,17.0,-1
666,138,165,17.0,-1
626,86,152,19.0,-1
661,157,94,14.0,-1
714,161,174,18.0,-1
674,133,114,19.0,-1
422,175,130,10.0,-1
649,81,205,15.0,-1
663,163,95,14.0,-1
84,51,154,11.0,-1
106,129,118,9.0,-1
157,100,213,15.0,-1
121,126,160,18.0,-1
64,160,187,16.0,-1
135,72,162,9.0,-1
103,111,121,18.0,-1
156,128,206,14.0,-1
126,103,167,23.0,-1
183,181,238,12.0,-1
94,81,116,15.0,-1
98,123,164,19.0,-1
157,88,212,13.0,-1
99,62,142,19.0,-1
94,130,146,12.0,-1
136,112,152,19.0,-1
115,155,176,18.0,-1
79,57,190,13.0,-1
115,105,157,17.0,-1
683,143,119,19.0,-1
680,77,237,7.0,-1
696,112,196,18.0,-1
669,165,100,20.0,-1
675,158,178,11.0,-1
682,139,124,19.0,-1
675,149,158,14.0,-1
704,110,197,15.0,-1
683,166,120,15.0,-1
595,100,169,11.0,-1
682,159,135,18.0,-1
681,153,143,17.0,-1
716,124,209,17.0,-1
632,142,98,17.0,-1
676,107,169,10.0,-1
680,115,139,24.0,-1
645,82,142,16.0,-1
712,128,139,18.0,-1
732,168,245,19.0,-1
650,124,163,16.0,-1
613,122,135,21.0,-1
698,152,136,18.0,-1
680,143,158,13.0,-1
679,171,137,18.0,-1
684,96,187,13.0,-1
667,146,159,21.0,-1
610,60,208,20.0,-1
668,161,207,13.0,-1
684,148,150,19.0,-1
680,107,155,15.0,-1
630,61,131,20.0,-1
718,183,134,18.0,-1
681,166,197,14.0,-1
686,152,82,11.0,-1
690,144,157,12.0,-1
683,156,170,19.0,-1
720,244,228,20.0,-1
630,140,223,20.0,-1
718,146,186,22.0,-1
685,118,161,15.0,-1
683,149,169,18.0,-1
641,157,136,22.0,-1
674,141,145,20.0,-1
657,182,189,18.0,-1
698,115,161,13.0,-1
656,197,179,23.0,-1
638,144,134,23.0,-1
670,88,206,16.0,-1
658,155,209,15.0,-1
720,93,150,17.0,-1
645,192,90,16.0,-1
639,141,132,10.0,-1
670,72,142,10.0,-1
667,156,209,22.0,-1
699,120,155,17.0,-1
630,203,92,17.0,-1
640,114,54,8.0,-1
683,155,140,17.0,-1
671,159,211,23.0,-1
713,120,154,14.0,-1
642,205,85,18.0,-1
720,138,151,12.0,-1
688,156,133,21.0,-1
707,111,203,16.0,-1
689,225,233,20.0,-1
667,153,222,20.0,-1
648,129,57,19.0,-1
691,126,137,16.0,-1
688,161,216,19.0,-1
634,114,47,15.0,-1
624,202,96,17.0,-1
646,90,69,7.0,-1
696,123,131,13.0,-1
683,154,210,20.0,-1
724,117,188,18.0,-1
640,198,91,20.0,-1
691,172,171,15.0,-1
699,106,135,15.0,-1
647,157,185,21.0,-1
682,92,98,11.0,-1
649,167,87,15.0,-1
689,174,191,13.0,-1
711,94,144,16.0,-1
631,110,221,18.0,-1
689,140,117,15.0,-1
685,143,109,20.0,-1
732,155,273,20.0,-1
649,130,0,20.0,-1
641,171,0,15.0,-1
634,74,0,10.0,-1
673,154,35,8.0,-1
686,171,131,12.0,-1
143,91,142,8.0,-1
169,128,59,12.0,-1
111,113,0,11.0,-1
138,110,143,12.0,-1
103,118,71,12.0,-1
118,23,122,16.0,-1
149,122,93,12.0,-1
139,84,98,18.0,-1
145,118,172,2.0,-1
111,117,70,12.0,-1
144,91,136,10.0,-1
143,45,107,15.0,-1
106,136,92,10.0,-1
157,113,129,20.0,-1
113,118,103,18.0,-1
154,88,155,10.0,-1
168,134,55,15.0,-1
102,141,127,11.0,-1
148,114,133,18.0,-1
115,118,70,17.0,-1
91,47,94,12.0,-1
152,130,31,14.0,-1
189,214,231,15.0,-1
124,64,134,17.0,-1
124,74,45,3.0,-1
169,99,129,14.0,-1
157,133,43,15.0,-1
113,107,150,19.0,-1
157,115,155,3.0,-1
140,114,104,16.0,-1
141,119,171,13.0,-1
109,36,49,16.0,-1
127,101,132,9.0,-1
170,115,141,14.0,-1
164,111,111,14.0,-1
83,71,131,13.0,-1
140,68,0,5.0,-1
124,110,161,17.0,-1
165,114,132,14.0,-1
121,128,115,13.0,-1
128,0,72,11.0,-1
133,131,97,17.0,-1
186,175,195,20.0,-1
186,208,191,20.0,-1
126,135,173,26.0,-1
65,35,24,9.0,-1
141,125,99,12.0,-1
129,135,151,20.0,-1
174,124,141,11.0,-1
128,148,102,13.0,-1
97,35,0,8.0,-1
135,133,170,12.0,-1
133,121,153,20.0,-1
175,124,123,15.0,-1
99,77,79,14.0,-1
124,129,67,10.0,-1
128,149,171,18.0,-1
128,117,106,19.0,-1
108,0,53,10.0,-1
129,135,131,14.0,-1
132,129,118,11.0,-1
134,151,167,7.0,-1
133,137,133,13.0,-1
108,18,37,13.0,-1
135,138,140,11.0,-1
141,132,116,17.0,-1
721,154,100,15.0,-1
657,85,78,13.0,-1
681,153,85,10.0,-1
704,168,131,20.0,-1
704,184,147,16.0,-1
727,202,114,21.0,-1
698,209,0,11.0,-1
608,60,92,19.0,-1
716,200,88,10.0,-1
670,171,177,20.0,-1
683,167,164,14.0,-1
687,179,141,15.0,-1
649,112,143,16.0,-1
709,148,121,9.0,-1
688,150,147,22.0,-1
683,171,163,11.0,-1
630,163,137,22.0,-1
604,174,201,22.0,-1
642,64,166,8.0,-1
684,167,257,21.0,-1
614,61,179,18.0,-1
697,169,0,17.0,-1
680,178,218,21.0,-1
718,152,173,18.0,-1
643,132,255,19.0,-1
731,154,202,18.0,-1
753,272,229,20.0,-1
686,151,178,21.0,-1
683,101,98,15.0,-1
699,197,275,16.0,-1
616,171,129,12.0,-1
704,174,104,10.0,-1
677,251,161,20.0,-1
706,228,163,9.0,-1
649,224,189,13.0,-1
638,207,11,7.0,-1
698,224,151,9.0,-1
677,249,151,11.0,-1
640,175,164,10.0,-1
699,311,199,7.0,-1
687,286,148,9.0,-1
639,256,173,17.0,-1
667,241,92,6.0,-1
700,245,202,8.0,-1
694,264,194,11.0,-1
694,323,208,7.0,-1
705,242,137,9.0,-1
677,256,131,10.0,-1
706,236,212,11.0,-1
622,218,160,11.0,-1
693,292,135,9.0,-1
706,221,93,9.0,-1
744,348,269,5.0,-1
748,339,283,10.0,-1
707,298,238,14.0,-1
683,242,136,6.0,-1
716,228,121,9.0,-1
625,202,167,9.0,-1
698,200,155,8.0,-1
695,246,215,10.0,-1
683,217,194,10.0,-1
717,193,129,11.0,-1
679,212,188,9.0,-1
654,111,125,11.0,-1
696,195,140,9.0,-1
693,264,202,13.0,-1
708,174,129,13.0,-1
623,167,189,13.0,-1
686,207,156,10.0,-1
688,178,119,15.0,-1
654,93,250,11.0,-1
710,107,51,11.0,-1
686,202,92,18.0,-1
676,175,183,14.0,-1
733,187,241,23.0,-1
685,163,173,20.0,-1
643,54,213,19.0,-1
683,169,101,17.0,-1
675,170,189,13.0,-1
685,137,120,16.0,-1
682,157,197,15.0,-1
645,84,141,13.0,-1
685,130,24,7.0,-1
678,156,204,10.0,-1
689,136,125,16.0,-1
670,103,196,17.0,-1
674,96,38,13.0,-1
681,157,120,13.0,-1
674,128,188,12.0,-1
677,167,127,15.0,-1
715,192,192,16.0,-1
678,198,47,13.0,-1
626,120,19,9.0,-1
687,170,185,13.0,-1
670,169,129,15.0,-1
719,126,149,15.0,-1
629,92,79,13.0,-1
676,163,95,11.0,-1
688,139,171,12.0,-1
673,169,147,20.0,-1
674,113,184,25.0,-1
672,106,248,20.0,-1
622,75,61,13.0,-1
686,166,180,12.0,-1
688,153,154,21.0,-1
716,142,148,21.0,-1
617,144,113,19.0,-1
655,180,84,9.0,-1
687,181,162,14.0,-1
676,192,143,20.0,-1
716,137,152,16.0,-1
669,109,201,10.0,-1
676,188,101,17.0,-1
689,173,243,16.0,-1
681,187,127,18.0,-1
668,203,223,17.0,-1
648,175,59,11.0,-1
654,230,100,15.0,-1
695,201,162,15.0,-1
679,208,130,16.0,-1
713,181,135,15.0,-1
625,149,181,14.0,-1
662,209,165,20.0,-1
689,175,217,14.0,-1
644,136,94,21.0,-1
731,270,147,11.0,-1
685,217,207,16.0,-1
669,175,166,20.0,-1
710,145,154,15.0,-1
630,128,42,15.0,-1
720,173,54,9.0,-1
680,189,212,17.0,-1
667,189,144,21.0,-1
713,126,161,17.0,-1
639,240,146,16.0,-1
716,177,138,15.0,-1
642,164,204,15.0,-1
637,103,129,15.0,-1
714,148,101,11.0,-1
628,209,187,15.0,-1
721,151,130,16.0,-1
642,126,182,12.0,-1
629,101,84,10.0,-1
721,143,163,19.0,-1
203,189,143,15.0,-1
163,122,182,12.0,-1
116,157,175,17.0,-1
207,203,278,16.0,-1
209,200,282,15.0,-1
147,136,55,13.0,-1
155,126,192,11.0,-1
111,158,210,12.0,-1
157,117,174,0.0,-1
183,179,147,2.0,-1
181,142,98,4.0,-1
156,128,164,0.0,-1
109,160,188,6.0,-1
162,113,173,0.0,-1
127,83,120,6.0,-1
208,175,181,1.0,-1
165,139,206,3.0,-1
122,150,153,3.0,-1
98,85,176,6.0,-1
684,140,118,12.0,-1
715,168,179,6.0,-1
629,153,163,9.0,-1
751,110,197,10.0,-1
663,85,206,5.0,-1
670,215,153,7.0,-1
679,105,183,3.0,-1
640,201,214,13.0,-1
738,265,257,13.0,-1
672,159,238,17.0,-1
693,126,88,14.0,-1
737,124,181,8.0,-1
655,205,225,10.0,-1
736,115,193,8.0,-1
668,160,119,7.0,-1
654,85,82,1.0,-1
435,169,168,8.0,-1
658,193,226,10.0,-1
716,181,190,5.0,-1
657,101,176,6.0,-1
717,171,92,7.0,-1
745,119,193,6.0,-1
652,214,236,7.0,-1
733,128,224,11.0,-1
687,163,131,8.0,-1
710,177,220,8.0,-1
647,112,160,10.0,-1
672,158,184,1.0,-1
730,134,210,1.0,-1
715,153,120,10.0,-1
713,222,188,8.0,-1
646,119,115,11.0,-1
758,249,255,10.0,-1
761,232,276,11.0,-1
759,262,68,10.0,-1
705,223,189,8.0,-1
744,155,108,2.0,-1
680,170,195,12.0,-1
739,154,232,5.0,-1
699,184,195,9.0,-1
708,184,214,9.0,-1
740,122,198,11.0,-1
685,184,202,7.0,-1
672,77,136,8.0,-1
713,166,50,9.0,-1
709,188,213,11.0,-1
723,128,196,10.0,-1
657,164,195,10.0,-1
690,105,230,9.0,-1
658,103,43,0.0,-1
699,187,187,6.0,-1
711,185,181,12.0,-1
699,168,279,8.0,-1
721,123,224,9.0,-1
644,128,92,15.0,-1
703,195,120,12.0,-1
719,183,251,13.0,-1
698,108,242,13.0,-1
748,161,226,3.0,-1
690,200,182,10.0,-1
710,169,219,11.0,-1
689,172,182,9.0,-1
678,97,228,10.0,-1
728,149,225,8.0,-1
682,187,185,11.0,-1
716,180,191,9.0,-1
683,123,187,9.0,-1
680,189,183,9.0,-1
722,190,225,9.0,-1
682,219,183,7.0,-1
685,94,258,10.0,-1
701,171,201,0.0,-1
689,171,159,16.0,-1
718,158,201,11.0,-1
683,184,210,9.0,-1
681,74,189,7.0,-1
707,197,275,4.0,-1
689,156,164,13.0,-1
725,161,197,10.0,-1
702,202,256,15.0,-1
0,99,293,16.0,-1
104,140,176,2.0,-1
37,165,175,11.0,-1
87,188,201,10.0,-1
18,145,184,12.0,-1
69,109,12,14.0,-1
78,160,107,9.0,-1
67,213,168,8.0,-1
67,166,193,10.0,-1
67,176,232,13.0,-1
2,117,187,10.0,-1
81,166,124,7.0,-1
43,170,163,7.0,-1
65,182,192,6.0,-1
21,156,254,8.0,-1
0,102,62,6.0,-1
87,169,172,7.0,-1
69,189,177,8.0,-1
91,177,189,16.0,-1
96,159,157,10.0,-1
76,163,104,9.0,-1
103,163,192,5.0,-1
87,180,186,7.0,-1
0,277,235,7.0,-1
0,224,252,5.0,-1
0,229,234,9.0,-1
0,169,196,6.0,-1
56,159,247,0.0,-1
0,139,105,7.0,-1
142,170,175,8.0,-1
519,200,186,7.0,-1
524,176,189,6.0,-1
525,164,288,10.0,-1
439,108,82,11.0,-1
547,174,117,0.0,-1
525,170,200,10.0,-1
524,199,188,8.0,-1
482,112,269,10.0,-1
460,170,110,6.0,-1
561,154,221,1.0,-1
527,154,154,13.0,-1
529,175,188,7.0,-1
477,169,101,9.0,-1
521,184,207,9.0,-1
523,207,173,15.0,-1
528,178,139,15.0,-1
447,63,152,12.0,-1
552,210,260,18.0,-1
532,105,125,10.0,-1
585,225,247,14.0,-1
522,182,187,9.0,-1
535,172,195,10.0,-1
550,157,287,14.0,-1
509,178,177,2.0,-1
521,176,178,13.0,-1
460,102,112,9.0,-1
532,161,108,1.0,-1
524,177,148,12.0,-1
519,172,219,11.0,-1
466,163,197,9.0,-1
476,103,190,5.0,-1
535,151,215,6.0,-1
379,165,182,11.0,-1
435,152,221,8.0,-1
497,185,188,11.0,-1
137,105,87,12.0,-1
519,154,159,0.0,-1
95,168,135,7.0,-1
527,135,234,8.0,-1
448,210,168,15.0,-1
413,75,262,8.0,-1
498,189,255,6.0,-1
550,141,302,15.0,-1
530,82,268,8.0,-1
498,72,239,10.0,-1
454,74,286,18.0,-1
512,91,271,11.0,-1
551,96,187,16.0,-1
484,0,161,7.0,-1
485,184,160,16.0,-1
529,147,243,8.0,-1
485,96,287,6.0,-1
486,49,182,8.0,-1
561,113,309,4.0,-1
488,190,198,12.0,-1
529,102,219,12.0,-1
535,131,287,9.0,-1
556,118,233,10.0,-1
559,115,328,7.0,-1
475,112,195,9.0,-1
535,55,287,10.0,-1
542,80,292,6.0,-1
502,179,197,15.0,-1
576,101,248,13.0,-1
488,159,207,10.0,-1
591,207,256,9.0,-1
552,86,297,7.0,-1
591,191,313,17.0,-1
514,91,256,10.0,-1
475,73,179,6.0,-1
522,120,183,15.0,-1
552,77,339,14.0,-1
490,191,230,11.0,-1
574,89,236,11.0,-1
476,79,165,10.0,-1
547,117,220,10.0,-1
561,90,348,12.0,-1
485,170,231,11.0,-1
448,36,225,9.0,-1
503,139,186,1.0,-1
561,112,314,15.0,-1
574,127,295,6.0,-1
483,158,232,16.0,-1
459,60,240,8.0,-1
524,136,244,6.0,-1
516,145,224,11.0,-1
571,91,284,8.0,-1
474,97,267,12.0,-1
572,99,249,13.0,-1
528,124,272,16.0,-1
514,147,287,9.0,-1
595,170,331,14.0,-1
487,149,240,16.0,-1
576,108,249,12.0,-1
487,114,290,15.0,-1
488,61,222,6.0,-1
578,88,287,5.0,-1
488,180,224,16.0,-1
570,109,243,6.0,-1
471,72,191,8.0,-1
509,144,225,15.0,-1
571,112,284,7.0,-1
482,138,308,16.0,-1
457,30,217,9.0,-1
539,129,245,1.0,-1
500,151,218,14.0,-1
483,105,280,6.0,-1
485,155,242,15.0,-1
559,146,310,7.0,-1
534,133,295,9.0,-1
492,132,227,11.0,-1
473,88,314,9.0,-1
486,153,327,9.0,-1
591,209,339,14.0,-1
558,126,273,15.0,-1
499,174,231,13.0,-1
468,77,249,6.0,-1
495,131,228,6.0,-1
549,99,243,6.0,-1
524,125,297,15.0,-1
499,190,234,16.0,-1
578,108,279,8.0,-1
472,61,229,12.0,-1
556,59,123,1.0,-1
533,125,237,14.0,-1
494,158,230,12.0,-1
481,102,269,8.0,-1
468,65,212,7.0,-1
547,76,252,6.0,-1
531,121,287,15.0,-1
481,131,213,15.0,-1
537,44,284,6.0,-1
510,158,310,9.0,-1
549,91,255,5.0,-1
515,74,252,14.0,-1
493,66,136,7.0,-1
569,84,335,6.0,-1
585,128,300,9.0,-1
545,120,277,5.0,-1
553,109,276,15.0,-1
493,144,179,6.0,-1
554,126,259,10.0,-1
545,113,306,9.0,-1
545,96,271,5.0,-1
482,121,88,9.0,-1
503,132,163,8.0,-1
552,66,266,10.0,-1
530,108,339,16.0,-1
530,139,308,8.0,-1
492,79,86,8.0,-1
505,128,278,12.0,-1
556,76,267,11.0,-1
463,29,289,15.0,-1
544,97,209,0.0,-1
538,0,182,8.0,-1
502,15,255,17.0,-1
520,6,274,9.0,-1
487,0,310,17.0,-1
543,72,185,2.0,-1
599,191,321,9.0,-1
492,46,216,17.0,-1
555,62,262,10.0,-1
536,33,311,7.0,-1
547,138,278,6.0,-1
525,129,181,12.0,-1
521,107,249,17.0,-1
549,85,257,11.0,-1
488,23,183,5.0,-1
548,123,318,3.0,-1
519,97,179,10.0,-1
506,112,233,13.0,-1
548,84,248,7.0,-1
526,132,217,16.0,-1
493,61,238,14.0,-1
509,110,175,12.0,-1
524,98,315,16.0,-1
509,57,254,10.0,-1
512,0,303,16.0,-1
543,113,291,0.0,-1
496,115,187,15.0,-1
539,99,208,13.0,-1
496,126,266,6.0,-1
519,121,216,9.0,-1
598,203,323,19.0,-1
509,118,172,14.0,-1
536,92,194,14.0,-1
464,14,204,9.0,-1
525,91,174,9.0,-1
560,116,305,10.0,-1
518,82,223,14.0,-1
524,111,191,14.0,-1
462,71,182,2.0,-1
529,95,178,9.0,-1
549,125,299,12.0,-1
528,87,211,8.0,-1
526,100,194,12.0,-1
544,114,261,5.0,-1
485,68,281,14.0,-1
568,55,318,4.0,-1
532,83,233,17.0,-1
525,150,185,11.0,-1
491,96,280,12.0,-1
461,62,252,8.0,-1
543,134,330,6.0,-1
537,86,265,9.0,-1
531,97,264,16.0,-1
594,120,246,7.0,-1
510,109,215,8.0,-1
540,106,249,10.0,-1
476,58,286,10.0,-1
524,93,74,4.0,-1
527,111,345,6.0,-1
528,55,161,13.0,-1
535,123,292,16.0,-1
541,108,276,14.0,-1
517,100,165,14.0,-1
440,61,214,3.0,-1
523,98,165,7.0,-1
534,144,244,9.0,-1
543,110,287,16.0,-1
509,119,172,11.0,-1
460,67,260,13.0,-1
520,89,127,7.0,-1
529,123,243,7.0,-1
536,102,290,11.0,-1
508,104,180,12.0,-1
544,107,327,3.0,-1
521,96,206,9.0,-1
497,95,246,5.0,-1
489,18,195,5.0,-1
596,211,308,13.0,-1
544,109,300,6.0,-1
532,92,209,10.0,-1
493,102,246,5.0,-1
484,32,169,9.0,-1
498,129,185,10.0,-1
548,157,253,2.0,-1
532,129,213,6.0,-1
452,94,279,10.0,-1
539,137,285,2.0,-1
513,149,186,8.0,-1
535,188,251,5.0,-1
477,175,222,7.0,-1
483,92,281,5.0,-1
537,138,303,4.0,-1
498,155,231,10.0,-1
529,149,280,2.0,-1
508,164,225,12.0,-1
484,86,163,0.0,-1
540,141,252,9.0,-1
509,159,210,9.0,-1
519,163,288,2.0,-1
563,258,329,13.0,-1
538,152,250,5.0,-1
536,142,347,9.0,-1
489,152,236,11.0,-1
517,171,250,2.0,-1
514,155,255,8.0,-1
507,90,281,3.0,-1
540,107,297,5.0,-1
529,160,268,10.0,-1
503,152,254,1.0,-1
538,144,263,8.0,-1
529,124,239,4.0,-1
563,99,293,7.0,-1
535,172,265,6.0,-1
509,166,244,1.0,-1
497,144,276,10.0,-1
518,29,248,2.0,-1
538,161,320,4.0,-1
536,187,214,10.0,-1
534,140,256,0.0,-1
466,98,176,6.0,-1
542,156,287,7.0,-1
536,155,327,8.0,-1
478,105,203,4.0,-1
488,97,288,13.0,-1
563,105,267,13.0,-1
514,148,241,4.0,-1
542,161,325,9.0,-1
535,177,144,1.0,-1
491,129,246,0.0,-1
534,143,280,6.0,-1
564,150,243,2.0,-1
518,124,192,4.0,-1
535,141,247,0.0,-1
486,126,251,5.0,-1
534,128,261,10.0,-1
580,134,321,8.0,-1
533,166,318,12.0,-1
536,149,274,11.0,-1
532,123,187,2.0,-1
521,159,277,14.0,-1
562,140,258,11.0,-1
537,149,306,14.0,-1
468,97,235,16.0,-1
507,125,303,10.0,-1
536,138,286,12.0,-1
597,178,215,9.0,-1
535,149,156,6.0,-1
560,141,281,15.0,-1
535,126,251,1.0,-1
499,124,231,8.0,-1
568,122,276,11.0,-1
541,131,298,11.0,-1
551,132,286,17.0,-1
509,119,263,12.0,-1
487,97,216,4.0,-1
576,111,330,5.0,-1
543,119,280,12.0,-1
549,151,287,15.0,-1
530,120,317,14.0,-1
478,20,205,5.0,-1
569,105,309,11.0,-1
545,90,282,12.0,-1
513,127,269,16.0,-1
479,68,171,11.0,-1
487,170,261,7.0,-1
572,93,278,13.0,-1
555,94,209,16.0,-1
503,161,201,15.0,-1
552,81,287,6.0,-1
599,200,323,16.0,-1
454,49,138,6.0,-1
574,63,246,6.0,-1
493,158,178,14.0,-1
549,77,294,7.0,-1
492,119,195,11.0,-1
495,45,216,12.0,-1
571,49,214,14.0,-1
486,176,184,17.0,-1
534,108,345,12.0,-1
511,140,190,12.0,-1
556,81,188,5.0,-1
532,60,117,12.0,-1
488,149,175,6.0,-1
540,76,337,11.0,-1
530,111,258,15.0,-1
500,48,300,17.0,-1
580,68,161,13.0,-1
489,149,187,19.0,-1
522,81,261,13.0,-1
540,49,175,12.0,-1
544,83,191,7.0,-1
568,184,318,17.0,-1
491,77,128,10.0,-1
521,83,265,10.0,-1
544,104,237,13.0,-1
545,140,189,7.0,-1
539,74,247,11.0,-1
506,141,152,2.0,-1
518,114,330,10.0,-1
532,131,269,15.0,-1
544,126,192,9.0,-1
575,74,253,13.0,-1
468,98,169,12.0,-1
517,105,317,7.0,-1
539,125,298,9.0,-1
544,119,275,12.0,-1
577,90,284,11.0,-1
487,94,188,10.0,-1
519,111,217,0.0,-1
528,162,274,12.0,-1
542,115,283,8.0,-1
579,77,287,13.0,-1
498,147,185,6.0,-1
548,120,265,3.0,-1
525,151,295,14.0,-1
495,101,289,14.0,-1
600,216,164,14.0,-1
522,148,207,11.0,-1
545,99,316,6.0,-1
528,157,308,13.0,-1
544,152,191,12.0,-1
531,74,0,12.0,-1
517,137,0,10.0,-1
518,100,91,6.0,-1
525,156,116,14.0,-1
455,85,0,9.0,-1
562,54,114,8.0,-1
529,130,132,14.0,-1
547,91,154,7.0,-1
525,110,138,13.0,-1
472,103,58,10.0,-1
555,86,1,11.0,-1
543,123,128,13.0,-1
547,112,143,6.0,-1
512,144,225,16.0,-1
543,114,80,14.0,-1
557,80,83,11.0,-1
540,134,128,17.0,-1
534,218,223,19.0,-1
521,118,231,16.0,-1
560,144,152,8.0,-1
517,89,165,14.0,-1
533,72,66,13.0,-1
547,121,143,7.0,-1
522,117,129,12.0,-1
566,123,161,8.0,-1
552,69,80,12.0,-1
496,114,156,20.0,-1
492,84,131,13.0,-1
514,141,213,14.0,-1
568,127,181,10.0,-1
548,93,85,12.0,-1
522,126,113,16.0,-1
543,124,146,7.0,-1
504,135,208,16.0,-1
563,130,157,10.0,-1
485,74,54,15.0,-1
524,114,179,16.0,-1
512,114,195,16.0,-1
483,81,186,10.0,-1
542,154,179,13.0,-1
548,99,93,12.0,-1
489,168,215,18.0,-1
545,115,149,8.0,-1
524,126,120,15.0,-1
540,149,182,9.0,-1
551,80,74,13.0,-1
523,113,160,18.0,-1
474,67,196,7.0,-1
516,95,179,6.0,-1
533,126,185,18.0,-1
544,116,104,22.0,-1
522,117,176,18.0,-1
470,80,142,15.0,-1
534,103,54,9.0,-1
530,120,239,14.0,-1
548,95,100,14.0,-1
494,100,170,16.0,-1
573,110,158,14.0,-1
536,100,106,13.0,-1
530,114,216,14.0,-1
551,104,168,15.0,-1
511,119,80,18.0,-1
485,134,116,8.0,-1
552,113,209,18.0,-1
586,121,213,16.0,-1
559,102,181,14.0,-1
513,117,68,19.0,-1
539,133,166,11.0,-1
542,131,101,18.0,-1
538,118,120,9.0,-1
477,61,140,14.0,-1
535,77,57,9.0,-1
536,133,217,11.0,-1
538,98,93,18.0,-1
486,65,183,9.0,-1
554,80,116,8.0,-1
533,128,110,16.0,-1
534,122,142,13.0,-1
540,102,114,18.0,-1
541,123,100,10.0,-1
499,97,111,20.0,-1
491,36,11,4.0,-1
532,106,126,9.0,-1
538,103,106,16.0,-1
536,125,104,9.0,-1
481,99,170,10.0,-1
487,45,32,13.0,-1
602,199,133,7.0,-1
551,100,100,16.0,-1
547,140,86,15.0,-1
486,78,107,19.0,-1
540,70,43,7.0,-1
540,82,120,6.0,-1
556,103,136,13.0,-1
507,121,142,14.0,-1
524,80,160,15.0,-1
542,100,120,7.0,-1
531,73,131,9.0,-1
566,101,164,15.0,-1
493,136,129,10.0,-1
537,148,206,16.0,-1
543,94,138,10.0,-1
525,33,40,8.0,-1
545,124,105,7.0,-1
546,173,104,18.0,-1
542,127,222,14.0,-1
484,167,138,12.0,-1
291,145,157,7.0,-1
561,120,139,17.0,-1
555,163,126,6.0,-1
605,224,142,11.0,-1
464,75,122,12.0,-1
547,100,14,6.0,-1
0,151,86,11.0,-1
495,235,174,14.0,-1
547,153,94,16.0,-1
511,134,0,12.0,-1
561,154,222,10.0,-1
566,176,171,17.0,-1
587,159,119,6.0,-1
224,279,150,10.0,-1
611,197,61,9.0,-1
515,192,104,6.0,-1
459,168,24,9.0,-1
58,140,78,5.0,-1
575,186,81,9.0,-1
43,209,85,17.0,-1
267,213,152,9.0,-1
0,256,71,0.0,-1
0,251,130,10.0,-1
55,181,132,8.0,-1
57,240,38,13.0,-1
0,221,43,10.0,-1
0,265,162,11.0,-1
0,313,194,13.0,-1
0,249,114,7.0,-1
0,193,28,8.0,-1
17,284,138,14.0,-1
83,295,126,8.0,-1
0,275,153,11.0,-1
15,210,0,5.0,-1
97,264,148,12.0,-1
38,303,121,12.0,-1
72,224,160,7.0,-1
64,275,215,7.0,-1
0,297,122,6.0,-1
166,209,148,9.0,-1
73,311,103,9.0,-1
132,247,126,5.0,-1
58,254,173,7.0,-1
69,208,2,5.0,-1
139,252,154,7.0,-1
77,295,99,8.0,-1
133,226,88,12.0,-1
25,198,154,2.0,-1
102,274,124,11.0,-1
130,243,181,7.0,-1
65,291,55,11.0,-1
183,304,215,13.0,-1
102,255,110,11.0,-1
0,250,140,6.0,-1
142,185,153,5.0,-1
73,283,91,10.0,-1
133,214,148,7.0,-1
121,221,189,7.0,-1
121,267,123,8.0,-1
139,241,192,9.0,-1
28,227,68,7.0,-1
137,215,55,3.0,-1
132,290,55,10.0,-1
120,208,148,5.0,-1
77,245,169,7.0,-1
88,244,0,10.0,-1
118,206,209,8.0,-1
141,285,151,15.0,-1
109,226,224,13.0,-1
98,303,81,8.0,-1
86,296,124,8.0,-1
111,210,223,7.0,-1
138,283,147,9.0,-1
34,214,202,6.0,-1
122,256,214,10.0,-1
164,307,244,14.0,-1
118,210,192,6.0,-1
145,258,216,10.0,-1
109,240,218,9.0,-1
107,252,223,13.0,-1
94,279,156,11.0,-1
44,151,190,12.0,-1
137,273,137,15.0,-1
123,205,235,5.0,-1
63,224,197,12.0,-1
110,232,53,9.0,-1
127,209,198,3.0,-1
137,270,279,8.0,-1
114,206,234,7.0,-1
100,252,161,13.0,-1
82,275,148,11.0,-1
131,173,133,10.0,-1
149,271,129,11.0,-1
112,202,233,7.0,-1
112,267,165,11.0,-1
65,256,157,12.0,-1
108,185,116,10.0,-1
139,265,144,19.0,-1
158,203,233,8.0,-1
76,217,219,17.0,-1
73,248,154,11.0,-1
128,238,179,5.0,-1
110,187,156,15.0,-1
131,201,213,9.0,-1
88,152,154,14.0,-1
55,252,162,1.0,-1
119,240,180,4.0,-1
98,255,203,10.0,-1
134,190,200,11.0,-1
131,244,38,8.0,-1
52,251,161,11.0,-1
120,238,189,5.0,-1
84,258,197,15.0,-1
139,164,184,8.0,-1
129,281,151,14.0,-1
45,253,207,9.0,-1
66,165,134,11.0,-1
91,251,210,0.0,-1
138,203,211,0.0,-1
121,280,149,5.0,-1
8,237,148,4.0,-1
124,239,77,0.0,-1
96,279,186,15.0,-1
169,302,249,16.0,-1
128,178,157,14.0,-1
71,245,222,13.0,-1
66,258,181,14.0,-1
40,159,197,7.0,-1
138,213,207,10.0,-1
133,282,147,14.0,-1
67,245,133,14.0,-1
78,200,152,14.0,-1
79,253,241,1.0,-1
140,214,207,17.0,-1
142,274,259,10.0,-1
2,203,126,15.0,-1
73,161,212,10.0,-1
69,246,249,3.0,-1
148,221,202,11.0,-1
151,282,162,17.0,-1
70,252,211,14.0,-1
94,180,257,12.0,-1
81,251,220,12.0,-1
152,209,210,9.0,-1
153,281,153,17.0,-1
49,256,136,12.0,-1
138,245,174,12.0,-1
24,205,237,18.0,-1
129,245,196,16.0,-1
127,162,150,12.0,-1
87,248,51,7.0,-1
132,233,185,9.0,-1
92,251,231,12.0,-1
127,186,108,13.0,-1
161,258,150,16.0,-1
75,246,132,16.0,-1
129,236,185,13.0,-1
26,245,245,12.0,-1
108,189,110,12.0,-1
164,251,117,13.0,-1
109,249,140,14.0,-1
113,235,191,10.0,-1
21,243,238,11.0,-1
113,261,200,16.0,-1
165,251,176,17.0,-1
62,250,149,14.0,-1
19,128,187,5.0,-1
82,251,223,11.0,-1
128,246,196,15.0,-1
158,251,168,16.0,-1
105,249,147,14.0,-1
177,304,263,16.0,-1
89,252,191,10.0,-1
116,220,204,7.0,-1
111,149,162,12.0,-1
75,247,143,3.0,-1
114,210,232,7.0,-1
102,246,236,14.0,-1
124,227,209,4.0,-1
148,251,165,16.0,-1
142,243,160,12.0,-1
13,122,124,9.0,-1
106,247,178,3.0,-1
127,230,208,3.0,-1
154,251,227,17.0,-1
76,304,235,14.0,-1
84,184,143,5.0,-1
113,199,168,0.0,-1
144,232,200,4.0,-1
148,249,232,17.0,-1
155,242,145,12.0,-1
68,220,250,7.0,-1
83,177,218,4.0,-1
120,224,206,6.0,-1
135,249,222,17.0,-1
189,252,93,13.0,-1
121,214,229,0.0,-1
92,241,199,8.0,-1
143,230,203,5.0,-1
126,195,180,18.0,-1
149,245,128,12.0,-1
122,237,221,9.0,-1
80,250,191,9.0,-1
141,230,202,4.0,-1
144,246,238,15.0,-1
60,306,161,15.0,-1
114,213,226,9.0,-1
79,248,173,9.0,-1
132,228,202,5.0,-1
97,158,178,17.0,-1
166,239,149,13.0,-1
0,207,236,8.0,-1
32,246,203,14.0,-1
84,232,204,3.0,-1
96,246,237,10.0,-1
108,238,188,13.0,-1
0,151,222,8.0,-1
57,249,142,4.0,-1
113,210,211,6.0,-1
157,304,273,16.0,-1
108,241,168,17.0,-1
89,216,252,15.0,-1
0,163,170,18.0,-1
115,211,221,5.0,-1
109,246,210,17.0,-1
98,205,0,10.0,-1
95,245,242,9.0,-1
46,253,196,15.0,-1
103,208,223,6.0,-1
77,143,162,14.0,-1
143,238,214,7.0,-1
108,246,245,9.0,-1
37,263,200,19.0,-1
28,193,226,10.0,-1
118,248,146,11.0,-1
123,242,188,15.0,-1
111,238,255,18.0,-1
68,231,172,6.0,-1
109,206,240,4.0,-1
117,270,152,14.0,-1
127,216,240,12.0,-1
55,155,251,18.0,-1
50,223,114,12.0,-1
167,249,256,20.0,-1
130,267,145,13.0,-1
128,211,223,19.0,-1
144,176,255,10.0,-1
31,239,184,12.0,-1
112,208,251,10.0,-1
52,181,157,14.0,-1
131,164,89,9.0,-1
118,243,224,9.0,-1
34,237,179,12.0,-1
55,180,239,9.0,-1
119,218,23,9.0,-1
104,214,248,13.0,-1
158,241,216,8.0,-1
0,220,75,12.0,-1
148,229,196,7.0,-1
171,264,147,12.0,-1
131,214,242,16.0,-1
70,290,108,8.0,-1
105,233,184,12.0,-1
140,227,223,11.0,-1
151,260,142,9.0,-1
118,174,236,16.0,-1
180,201,148,6.0,-1
168,302,286,14.0,-1
155,203,260,12.0,-1
158,248,138,1.0,-1
151,227,249,10.0,-1
174,244,215,9.0,-1
49,180,194,15.0,-1
152,237,92,7.0,-1
161,232,187,9.0,-1
152,231,228,9.0,-1
145,188,214,11.0,-1
113,225,137,12.0,-1
141,228,254,6.0,-1
143,242,174,10.0,-1
88,167,268,13.0,-1
163,245,216,9.0,-1
48,162,144,14.0,-1
132,238,202,6.0,-1
172,246,154,9.0,-1
143,221,269,10.0,-1
142,176,208,10.0,-1
103,231,146,9.0,-1
135,235,202,7.0,-1
150,255,135,9.0,-1
138,229,257,9.0,-1
204,279,207,6.0,-1
61,176,176,18.0,-1
135,236,91,11.0,-1
167,272,174,9.0,-1
148,241,261,9.0,-1
143,191,201,10.0,-1
126,228,136,12.0,-1
142,242,200,8.0,-1
145,232,181,8.0,-1
136,241,183,15.0,-1
147,249,223,8.0,-1
117,243,205,7.0,-1
71,250,225,8.0,-1
146,169,171,11.0,-1
144,238,187,12.0,-1
140,221,212,11.0,-1
154,251,233,17.0,-1
29,180,93,12.0,-1
163,234,199,8.0,-1
144,241,182,14.0,-1
151,205,213,12.0,-1
148,252,244,14.0,-1
78,250,206,8.0,-1
104,185,140,12.0,-1
156,304,283,15.0,-1
147,207,224,11.0,-1
150,257,249,18.0,-1
45,126,112,10.0,-1
144,243,241,10.0,-1
143,232,182,10.0,-1
154,197,211,10.0,-1
152,257,222,15.0,-1
146,260,209,11.0,-1
157,244,247,11.0,-1
150,245,214,10.0,-1
63,198,210,6.0,-1
159,223,109,6.0,-1
145,226,212,6.0,-1
149,245,215,15.0,-1
148,237,196,12.0,-1
157,191,222,17.0,-1
143,190,209,13.0,-1
139,177,88,7.0,-1
134,240,260,11.0,-1
148,246,206,15.0,-1
75,134,128,9.0,-1
154,263,240,11.0,-1
161,211,233,9.0,-1
211,285,248,14.0,-1
139,228,142,5.0,-1
160,205,257,8.0,-1
135,263,170,10.0,-1
92,212,243,8.0,-1
140,262,260,3.0,-1
151,244,197,13.0,-1
168,192,222,2.0,-1
150,260,281,15.0,-1
180,217,254,11.0,-1
59,165,255,14.0,-1
152,255,156,7.0,-1
186,202,254,8.0,-1
165,260,263,17.0,-1
125,246,110,6.0,-1
157,260,266,15.0,-1
154,242,186,13.0,-1
178,201,244,10.0,-1
132,263,256,13.0,-1
173,221,260,8.0,-1
165,268,224,14.0,-1
128,181,138,14.0,-1
189,181,208,11.0,-1
116,256,192,9.0,-1
141,295,290,17.0,-1
133,266,219,15.0,-1
154,227,185,8.0,-1
184,231,212,9.0,-1
108,262,183,10.0,-1
180,199,221,12.0,-1
100,172,235,7.0,-1
133,220,198,9.0,-1
194,220,224,8.0,-1
65,245,182,9.0,-1
167,171,176,11.0,-1
174,262,211,14.0,-1
127,201,206,9.0,-1
190,229,240,7.0,-1
93,235,203,10.0,-1
172,197,249,10.0,-1
174,259,230,14.0,-1
128,188,172,12.0,-1
163,246,255,8.0,-1
82,242,199,10.0,-1
146,178,248,9.0,-1
146,223,162,4.0,-1
120,193,197,8.0,-1
196,226,230,8.0,-1
217,286,281,15.0,-1
150,178,250,10.0,-1
155,265,192,12.0,-1
121,196,190,9.0,-1
188,219,237,12.0,-1
99,233,226,10.0,-1
140,209,258,11.0,-1
81,205,294,9.0,-1
143,187,204,9.0,-1
196,216,257,16.0,-1
90,234,223,13.0,-1
153,207,265,16.0,-1
173,266,212,11.0,-1
135,196,206,8.0,-1
108,0,172,11.0,-1
82,80,195,3.0,-1
147,73,261,10.0,-1
144,110,180,10.0,-1
62,26,180,10.0,-1
190,81,174,7.0,-1
116,88,209,10.0,-1
159,88,269,11.0,-1
124,52,189,11.0,-1
154,35,74,7.0,-1
223,58,207,14.0,-1
105,86,205,10.0,-1
144,62,251,13.0,-1
180,94,185,11.0,-1
91,32,219,14.0,-1
157,32,204,0.0,-1
116,89,211,9.0,-1
145,97,265,11.0,-1
167,77,182,10.0,-1
142,51,89,8.0,-1
169,67,205,10.0,-1
113,89,188,15.0,-1
153,102,272,16.0,-1
177,93,185,10.0,-1
148,49,251,12.0,-1
53,0,111,7.0,-1
116,101,245,17.0,-1
141,92,280,11.0,-1
158,26,178,9.0,-1
158,84,85,12.0,-1
150,83,202,11.0,-1
115,96,191,15.0,-1
75,69,273,14.0,-1
180,116,191,10.0,-1
141,149,291,14.0,-1
110,21,101,7.0,-1
122,98,212,15.0,-1
159,111,277,12.0,-1
127,46,297,16.0,-1
149,98,226,9.0,-1
156,87,211,10.0,-1
141,95,248,12.0,-1
55,44,227,5.0,-1
146,101,194,9.0,-1
153,104,250,12.0,-1
162,65,209,8.0,-1
124,96,277,9.0,-1
52,42,234,5.0,-1
147,86,117,6.0,-1
176,108,248,10.0,-1
145,69,222,8.0,-1
150,91,260,14.0,-1
56,2,193,11.0,-1
144,102,189,12.0,-1
165,79,147,15.0,-1
160,69,217,8.0,-1
89,193,170,10.0,-1
153,75,213,8.0,-1
223,137,221,10.0,-1
219,147,275,14.0,-1
161,63,230,8.0,-1
127,207,156,9.0,-1
72,83,218,6.0,-1
128,28,178,10.0,-1
166,79,149,12.0,-1
77,30,88,8.0,-1
74,106,272,6.0,-1
154,69,230,8.0,-1
106,98,195,16.0,-1
154,42,170,14.0,-1
161,48,148,9.0,-1
69,105,277,17.0,-1
166,67,227,6.0,-1
113,95,200,15.0,-1
166,69,155,10.0,-1
90,26,212,12.0,-1
66,124,231,12.0,-1
140,62,221,8.0,-1
107,95,262,10.0,-1
149,85,230,15.0,-1
167,81,185,2.0,-1
65,89,188,15.0,-1
153,146,292,17.0,-1
204,147,291,17.0,-1
158,48,63,8.0,-1
178,67,219,8.0,-1
89,94,192,12.0,-1
166,51,216,7.0,-1
102,96,201,13.0,-1
164,77,167,11.0,-1
123,0,126,16.0,-1
102,136,211,11.0,-1
165,85,215,10.0,-1
113,136,253,15.0,-1
166,99,152,11.0,-1
186,116,261,8.0,-1
95,108,201,14.0,-1
104,75,215,11.0,-1
91,44,215,7.0,-1
153,105,171,10.0,-1
179,117,253,9.0,-1
111,69,151,16.0,-1
151,97,208,8.0,-1
70,53,256,7.0,-1
147,81,176,10.0,-1
182,124,247,9.0,-1
219,172,291,14.0,-1
130,171,273,15.0,-1
167,106,163,9.0,-1
151,55,3,6.0,-1
193,124,256,7.0,-1
86,114,174,13.0,-1
149,64,129,8.0,-1
92,125,234,14.0,-1
136,93,213,9.0,-1
149,62,252,7.0,-1
105,110,152,5.0,-1
143,111,211,9.0,-1
61,30,195,8.0,-1
148,94,168,6.0,-1
192,124,260,7.0,-1
106,113,180,16.0,-1
149,123,238,8.0,-1
117,134,161,10.0,-1
148,101,180,15.0,-1
170,65,256,8.0,-1
116,98,109,11.0,-1
141,114,255,8.0,-1
133,152,245,12.0,-1
116,53,195,15.0,-1
193,72,255,10.0,-1
223,182,218,13.0,-1
208,66,193,8.0,-1
132,131,156,9.0,-1
152,96,208,9.0,-1
191,122,263,9.0,-1
111,109,199,13.0,-1
123,125,261,8.0,-1
34,66,123,13.0,-1
157,114,171,14.0,-1
188,134,257,10.0,-1
120,114,188,13.0,-1
155,111,216,7.0,-1
69,180,137,9.0,-1
122,127,240,18.0,-1
185,123,268,13.0,-1
139,104,194,12.0,-1
31,61,158,8.0,-1
121,122,155,0.0,-1
150,117,222,14.0,-1
147,138,192,12.0,-1
98,136,272,14.0,-1
154,131,195,6.0,-1
118,114,167,13.0,-1
140,123,267,9.0,-1
204,116,186,12.0,-1
175,120,240,15.0,-1
112,224,198,10.0,-1
103,111,162,10.0,-1
130,124,255,9.0,-1
77,65,246,8.0,-1
166,142,208,14.0,-1
184,138,223,10.0,-1
89,127,181,12.0,-1
93,75,247,13.0,-1
171,111,184,6.0,-1
160,131,200,17.0,-1
164,120,209,8.0,-1
85,128,198,11.0,-1
159,116,257,12.0,-1
167,114,175,6.0,-1
150,117,186,17.0,-1
162,80,206,9.0,-1
66,129,219,14.0,-1
155,115,230,14.0,-1
76,101,178,16.0,-1
161,90,114,6.0,-1
158,131,233,9.0,-1
104,110,194,12.0,-1
156,113,244,14.0,-1
92,172,290,14.0,-1
167,67,131,7.0,-1
167,74,211,11.0,-1
110,124,212,14.0,-1
147,113,195,9.0,-1
65,94,176,5.0,-1
102,120,104,8.0,-1
185,62,223,11.0,-1
106,141,227,13.0,-1
145,110,277,13.0,-1
136,107,177,4.0,-1
90,92,215,17.0,-1
175,61,128,7.0,-1
111,137,231,14.0,-1
139,116,208,8.0,-1
56,89,130,4.0,-1
116,154,102,4.0,-1
175,64,243,10.0,-1
126,140,273,13.0,-1
142,141,275,10.0,-1
176,113,186,8.0,-1
68,57,148,9.0,-1
174,65,236,12.0,-1
127,135,191,14.0,-1
50,166,295,14.0,-1
204,139,169,9.0,-1
91,144,175,6.0,-1
160,69,235,8.0,-1
130,143,267,12.0,-1
61,57,188,9.0,-1
185,116,176,6.0,-1
93,150,247,18.0,-1
167,56,228,10.0,-1
135,136,192,8.0,-1
126,76,179,12.0,-1
186,121,197,6.0,-1
58,70,226,16.0,-1
169,75,130,6.0,-1
127,148,245,16.0,-1
120,78,181,13.0,-1
108,81,144,6.0,-1
91,95,205,11.0,-1
154,75,211,8.0,-1
128,147,225,11.0,-1
128,68,180,11.0,-1
154,110,196,6.0,-1
85,190,144,19.0,-1
161,76,245,6.0,-1
213,120,221,14.0,-1
201,79,0,7.0,-1
192,129,116,6.0,-1
107,129,75,12.0,-1
145,62,58,9.0,-1
153,154,160,11.0,-1
136,108,123,12.0,-1
172,151,113,6.0,-1
110,121,98,14.0,-1
76,129,132,8.0,-1
153,153,200,12.0,-1
139,73,101,12.0,-1
141,156,148,7.0,-1
82,66,89,16.0,-1
157,78,92,10.0,-1
194,154,170,15.0,-1
135,83,124,11.0,-1
151,124,97,10.0,-1
90,80,88,16.0,-1
163,84,122,12.0,-1
171,138,150,11.0,-1
136,80,115,13.0,-1
35,126,146,9.0,-1
135,120,4,5.0,-1
153,121,194,16.0,-1
221,185,225,15.0,-1
155,73,132,12.0,-1
154,166,149,11.0,-1
119,134,90,13.0,-1
67,40,82,10.0,-1
151,135,124,10.0,-1
149,89,117,12.0,-1
148,158,158,5.0,-1
145,131,89,15.0,-1
153,143,200,6.0,-1
149,93,84,10.0,-1
154,92,0,14.0,-1
142,160,195,9.0,-1
145,125,110,17.0,-1
137,105,191,15.0,-1
146,139,139,9.0,-1
175,102,147,14.0,-1
121,161,175,8.0,-1
90,161,143,14.0,-1
162,102,164,14.0,-1
115,127,128,11.0,-1
174,118,151,13.0,-1
24,81,78,8.0,-1
133,121,175,6.0,-1
198,109,221,13.0,-1
132,175,129,12.0,-1
148,0,173,10.0,-1
71,131,139,8.0,-1
91,131,183,5.0,-1
148,150,220,11.0,-1
113,131,137,11.0,-1
148,99,120,13.0,-1
160,164,113,1.0,-1
95,123,203,9.0,-1
154,101,192,6.0,-1
122,132,130,11.0,-1
193,88,152,13.0,-1
166,159,194,9.0,-1
89,127,197,8.0,-1
88,7,193,9.0,-1
118,127,132,9.0,-1
165,109,175,16.0,-1
169,156,246,5.0,-1
29,75,156,11.0,-1
148,76,203,8.0,-1
96,126,137,12.0,-1
170,115,134,11.0,-1
159,138,104,8.0,-1
85,129,217,10.0,-1
170,176,240,15.0,-1
130,122,122,13.0,-1
159,77,151,14.0,-1
148,113,141,9.0,-1
72,132,180,16.0,-1
161,93,181,8.0,-1
118,123,126,13.0,-1
155,78,99,15.0,-1
175,133,93,7.0,-1
78,146,157,18.0,-1
153,107,221,10.0,-1
105,59,105,13.0,-1
175,141,142,9.0,-1
191,132,100,8.0,-1
74,123,149,14.0,-1
79,74,204,12.0,-1
102,76,54,2.0,-1
150,106,111,10.0,-1
148,121,90,8.0,-1
30,54,113,13.0,-1
162,104,181,7.0,-1
125,117,134,13.0,-1
150,100,145,16.0,-1
106,255,163,9.0,-1
91,77,107,12.0,-1
213,146,139,9.0,-1
96,115,205,2.0,-1
125,70,105,9.0,-1
190,70,12,9.0,-1
92,146,181,15.0,-1
129,99,154,8.0,-1
115,118,137,13.0,-1
116,34,65,19.0,-1
200,126,123,8.0,-1
127,123,186,17.0,-1
134,138,122,11.0,-1
125,144,96,9.0,-1
150,64,92,9.0,-1
174,63,110,8.0,-1
139,78,150,6.0,-1
142,105,148,7.0,-1
152,145,88,15.0,-1
146,66,103,15.0,-1
194,125,137,7.0,-1
114,84,218,12.0,-1
27,63,185,10.0,-1
140,93,81,0.0,-1
170,180,239,19.0,-1
174,63,79,15.0,-1
135,98,191,18.0,-1
137,102,165,14.0,-1
122,53,132,14.0,-1
136,60,18,10.0,-1
173,133,162,9.0,-1
123,86,211,13.0,-1
151,94,83,8.0,-1
146,136,117,14.0,-1
156,73,111,10.0,-1
159,80,67,12.0,-1
143,101,169,10.0,-1
143,98,181,10.0,-1
154,158,106,12.0,-1
98,59,57,10.0,-1
174,131,75,7.0,-1
156,56,161,18.0,-1
161,93,290,1.0,-1
65,109,141,12.0,-1
131,90,128,10.0,-1
169,134,144,9.0,-1
72,176,50,16.0,-1
144,125,127,10.0,-1
130,115,174,10.0,-1
141,119,0,14.0,-1
150,134,197,13.0,-1
137,70,215,15.0,-1
177,190,264,15.0,-1
150,249,131,10.0,-1
148,95,138,10.0,-1
181,135,71,10.0,-1
180,71,160,7.0,-1
146,130,193,3.0,-1
138,197,201,10.0,-1
82,75,142,14.0,-1
158,73,162,2.0,-1
168,105,156,11.0,-1
