0,681,250,152,-1
85,556,356,160,-1
92,558,292,159,-1
95,484,352,159,-1
81,499,364,163,-1
51,575,367,160,-1
86,503,325,161,-1
101,379,293,161,-1
148,173,356,161,-1
155,230,357,157,-1
148,216,405,161,-1
36,62,358,153,-1
98,159,346,157,-1
110,74,359,163,-1
145,148,323,155,-1
29,75,355,155,-1
107,64,305,158,-1
131,137,312,154,-1
55,115,352,156,-1
106,52,370,158,-1
144,129,315,153,-1
57,113,337,155,-1
62,0,382,158,-1
125,125,309,155,-1
66,102,353,155,-1
111,59,396,161,-1
138,136,318,150,-1
74,103,351,155,-1
75,0,413,168,-1
121,149,328,155,-1
30,178,447,165,-1
149,218,451,163,-1
90,119,376,152,-1
125,31,416,162,-1
117,165,339,155,-1
97,136,370,166,-1
62,33,393,169,-1
95,139,358,156,-1
128,45,396,168,-1
119,165,344,166,-1
32,79,394,168,-1
88,72,397,159,-1
106,138,428,154,-1
130,52,430,169,-1
93,156,340,165,-1
91,145,304,144,-1
93,70,391,159,-1
103,136,359,152,-1
85,0,288,155,-1
119,126,306,159,-1
87,125,347,154,-1
88,53,358,156,-1
100,118,316,144,-1
113,63,235,151,-1
83,77,339,155,-1
98,155,311,147,-1
74,81,322,154,-1
84,87,318,143,-1
148,209,334,148,-1
150,213,397,155,-1
86,91,393,154,-1
98,160,312,157,-1
59,149,352,153,-1
91,127,401,155,-1
24,31,379,149,-1
92,70,417,155,-1
121,137,356,156,-1
7,138,369,155,-1
106,15,313,147,-1
97,132,424,154,-1
81,139,413,148,-1
36,33,424,155,-1
118,152,358,157,-1
26,195,385,163,-1
93,180,406,162,-1
94,242,486,152,-1
157,235,321,163,-1
4467,350,368,157,-1
5897,401,372,163,-1
4925,1124,356,163,-1
2577,1308,390,164,-1
160,1547,348,158,-1
89,1852,223,161,-1
45,1750,211,160,-1
117,1611,278,163,-1
91,1227,320,154,-1
59,1297,288,156,-1
142,1312,372,156,-1
128,1166,393,155,-1
166,738,399,158,-1
90,178,411,157,-1
102,47,370,162,-1
92,142,383,161,-1
67,114,405,158,-1
97,148,431,158,-1
63,146,397,152,-1
72,73,366,156,-1
95,108,331,153,-1
54,129,334,151,-1
1,59,248,144,-1
69,63,334,154,-1
116,124,320,159,-1
19,67,313,151,-1
65,62,395,151,-1
27,41,359,156,-1
104,89,346,158,-1
111,86,362,159,-1
90,40,357,158,-1
103,111,427,171,-1
119,26,279,162,-1
164,114,430,168,-1
76,131,365,156,-1
86,102,352,161,-1
0,99,347,156,-1
32,81,286,145,-1
68,123,364,158,-1
105,119,341,160,-1
61,142,360,154,-1
83,117,359,160,-1
88,139,339,161,-1
117,141,359,156,-1
80,131,347,160,-1
110,145,341,161,-1
0,95,273,156,-1
135,156,353,160,-1
143,159,359,154,-1
129,178,366,159,-1
55,165,382,172,-1
131,165,356,159,-1
157,231,356,164,-1
127,182,355,153,-1
102,200,365,159,-1
53,182,376,169,-1
80,129,299,159,-1
148,194,350,164,-1
145,215,365,153,-1
94,91,322,158,-1
174,155,329,155,-1
80,166,363,154,-1
147,189,355,163,-1
149,201,362,152,-1
133,150,286,155,-1
143,178,380,168,-1
83,173,366,155,-1
148,195,368,166,-1
110,132,369,160,-1
117,164,330,162,-1
133,175,385,168,-1
90,173,379,158,-1
122,178,409,159,-1
140,181,344,164,-1
147,195,403,165,-1
149,178,359,165,-1
81,173,390,155,-1
134,185,369,164,-1
79,202,424,164,-1
145,124,324,157,-1
189,201,472,166,-1
165,168,362,166,-1
174,188,340,159,-1
147,182,406,160,-1
112,190,415,159,-1
135,173,404,161,-1
74,175,409,156,-1
143,187,373,164,-1
125,177,433,162,-1
116,184,349,162,-1
130,181,429,162,-1
117,179,389,159,-1
107,163,383,165,-1
125,180,373,157,-1
151,188,390,161,-1
151,178,379,161,-1
18,119,348,154,-1
135,195,345,164,-1
116,186,431,152,-1
141,188,389,167,-1
177,242,377,171,-1
194,277,453,171,-1
135,230,374,167,-1
118,256,371,157,-1
104,284,349,163,-1
133,366,341,157,-1
106,493,383,162,-1
141,353,378,160,-1
116,449,378,165,-1
172,529,457,163,-1
128,560,440,162,-1
61,437,371,160,-1
145,391,309,154,-1
129,493,404,157,-1
181,264,364,161,-1
144,228,306,162,-1
121,223,368,161,-1
133,225,315,161,-1
121,193,393,155,-1
176,183,349,164,-1
138,203,342,167,-1
116,193,388,156,-1
125,183,299,160,-1
86,54,330,150,-1
181,151,378,163,-1
161,204,296,159,-1
84,168,372,155,-1
118,101,205,155,-1
131,174,344,152,-1
119,171,319,157,-1
152,135,309,165,-1
204,210,335,155,-1
129,149,331,151,-1
129,180,352,157,-1
151,126,232,160,-1
182,182,302,159,-1
129,197,366,158,-1
72,173,317,161,-1
133,56,320,158,-1
187,181,348,171,-1
184,187,344,168,-1
131,171,389,161,-1
152,187,332,160,-1
136,171,380,151,-1
191,159,396,167,-1
189,210,355,164,-1
34,147,316,159,-1
152,188,360,155,-1
133,224,400,167,-1
204,224,444,168,-1
210,204,300,168,-1
132,170,403,161,-1
151,161,348,161,-1
130,144,392,156,-1
118,81,263,156,-1
148,153,362,161,-1
130,138,388,158,-1
161,116,375,166,-1
149,95,312,158,-1
130,188,419,157,-1
151,149,332,171,-1
83,106,393,156,-1
182,120,427,164,-1
153,141,328,161,-1
140,179,420,165,-1
156,155,366,161,-1
65,0,408,160,-1
170,125,440,163,-1
149,143,384,162,-1
145,187,428,160,-1
126,95,289,164,-1
163,154,398,155,-1
179,120,421,162,-1
152,137,354,165,-1
150,195,346,159,-1
152,125,243,160,-1
144,156,288,158,-1
103,145,218,152,-1
204,213,369,165,-1
80,82,278,156,-1
150,190,381,160,-1
156,178,377,162,-1
80,0,348,161,-1
177,121,437,167,-1
149,148,383,168,-1
176,201,439,162,-1
94,163,336,166,-1
166,177,414,162,-1
176,140,441,170,-1
142,172,358,169,-1
145,215,387,161,-1
162,223,0,159,-1
173,177,92,162,-1
181,140,143,169,-1
157,161,75,161,-1
179,181,132,159,-1
165,202,88,161,-1
175,160,162,166,-1
207,119,173,165,-1
214,217,191,167,-1
185,177,81,166,-1
161,170,59,158,-1
187,152,156,158,-1
175,114,193,165,-1
72,140,78,164,-1
173,179,87,152,-1
166,185,131,163,-1
170,145,150,157,-1
133,71,181,166,-1
152,140,82,165,-1
164,186,174,160,-1
159,147,76,156,-1
181,147,137,157,-1
165,106,177,166,-1
38,66,33,165,-1
158,164,103,153,-1
153,163,125,162,-1
181,170,144,158,-1
166,107,184,166,-1
146,123,94,165,-1
154,163,157,159,-1
118,148,139,162,-1
141,101,79,155,-1
168,109,179,166,-1
147,136,98,166,-1
132,150,139,156,-1
167,145,64,158,-1
215,203,181,170,-1
163,63,45,171,-1
150,136,89,164,-1
155,158,163,156,-1
178,156,127,167,-1
184,177,122,157,-1
164,110,147,168,-1
151,136,72,165,-1
194,188,126,165,-1
120,66,103,166,-1
148,136,39,160,-1
155,159,125,165,-1
184,159,108,163,-1
150,175,118,160,-1
162,108,121,162,-1
145,136,100,166,-1
153,169,114,167,-1
132,53,17,159,-1
196,190,110,166,-1
160,109,116,168,-1
210,188,27,159,-1
209,208,142,166,-1
206,206,17,160,-1
191,196,30,158,-1
160,111,83,160,-1
144,143,72,159,-1
155,168,79,157,-1
171,156,83,165,-1
117,109,41,152,-1
159,115,113,159,-1
137,143,100,162,-1
111,125,107,161,-1
152,107,38,152,-1
185,210,106,158,-1
149,132,115,164,-1
65,152,70,161,-1
141,199,75,158,-1
178,206,56,164,-1
190,235,55,156,-1
170,169,54,158,-1
137,192,40,158,-1
109,175,0,163,-1
156,198,0,150,-1
179,242,77,160,-1
151,165,93,158,-1
75,184,68,158,-1
108,177,0,151,-1
173,279,79,159,-1
184,246,84,158,-1
154,254,144,164,-1
125,189,85,156,-1
137,211,84,158,-1
99,207,12,151,-1
178,240,86,156,-1
143,217,77,155,-1
168,197,48,160,-1
182,218,80,156,-1
102,127,83,158,-1
157,151,36,150,-1
187,204,97,157,-1
162,123,109,158,-1
112,178,77,159,-1
138,106,79,157,-1
155,131,100,159,-1
175,171,69,160,-1
156,181,96,156,-1
158,74,8,150,-1
140,154,88,157,-1
148,203,77,159,-1
205,247,125,163,-1
186,239,67,156,-1
160,154,83,158,-1
175,193,51,159,-1
141,138,61,152,-1
153,154,94,158,-1
144,187,95,158,-1
119,210,99,159,-1
139,183,24,157,-1
193,255,92,157,-1
158,202,104,159,-1
84,245,90,159,-1
155,328,141,158,-1
183,398,56,164,-1
194,362,167,154,-1
163,475,81,153,-1
148,505,76,164,-1
157,435,79,157,-1
62,0,27,164,-1
193,77,122,152,-1
156,105,76,161,-1
142,96,83,166,-1
119,109,75,157,-1
157,179,111,158,-1
206,151,86,156,-1
162,152,83,159,-1
147,163,68,164,-1
117,125,53,149,-1
164,176,197,164,-1
210,273,141,160,-1
162,158,88,159,-1
154,186,74,164,-1
130,154,84,155,-1
70,181,124,163,-1
175,165,91,156,-1
167,133,91,159,-1
156,190,112,162,-1
133,291,47,157,-1
154,464,114,161,-1
192,545,56,158,-1
118,547,133,164,-1
137,587,17,160,-1
125,708,88,156,-1
146,713,80,164,-1
168,688,54,160,-1
168,743,83,160,-1
146,797,92,164,-1
126,804,90,157,-1
151,849,158,166,-1
187,719,103,157,-1
163,712,91,160,-1
158,696,96,166,-1
71,629,153,154,-1
138,576,100,162,-1
162,723,108,162,-1
152,755,106,160,-1
172,862,138,159,-1
121,911,140,157,-1
135,859,126,160,-1
183,913,82,156,-1
156,891,136,161,-1
117,914,71,161,-1
81,878,46,156,-1
146,861,126,159,-1
156,897,84,164,-1
141,860,183,162,-1
163,841,55,151,-1
117,897,118,157,-1
139,810,94,164,-1
167,748,98,164,-1
153,741,91,162,-1
151,756,98,172,-1
93,728,95,153,-1
141,692,99,163,-1
148,711,94,161,-1
151,674,106,163,-1
107,697,147,163,-1
202,746,151,166,-1
136,665,101,169,-1
155,747,96,163,-1
147,782,134,163,-1
179,862,81,161,-1
111,918,140,157,-1
45,769,113,151,-1
147,906,88,164,-1
154,829,172,160,-1
135,744,143,162,-1
120,864,15,147,-1
136,797,92,165,-1
154,823,135,163,-1
161,821,150,160,-1
205,882,134,161,-1
142,857,128,157,-1
45,797,172,159,-1
168,843,63,155,-1
177,835,135,158,-1
191,906,236,164,-1
228,931,210,149,-1
138,780,117,162,-1
117,772,145,159,-1
172,800,102,152,-1
191,845,150,161,-1
130,831,174,157,-1
62,833,165,157,-1
148,737,154,156,-1
181,780,170,158,-1
188,723,74,158,-1
126,785,178,159,-1
142,779,119,167,-1
106,714,112,161,-1
147,744,95,161,-1
187,759,94,167,-1
140,723,180,159,-1
129,636,125,162,-1
147,663,80,154,-1
142,373,149,163,-1
167,149,88,161,-1
95,0,152,161,-1
144,0,154,151,-1
168,33,141,159,-1
149,0,140,159,-1
170,54,117,159,-1
107,21,161,155,-1
170,138,150,159,-1
167,65,141,160,-1
179,110,190,166,-1
180,89,177,163,-1
105,56,137,161,-1
176,121,138,159,-1
125,0,127,158,-1
155,86,123,157,-1
190,129,129,160,-1
114,112,133,161,-1
138,160,123,160,-1
160,120,143,160,-1
159,41,139,161,-1
178,109,75,165,-1
111,105,135,157,-1
196,168,119,160,-1
154,109,114,163,-1
93,0,61,154,-1
170,124,64,159,-1
121,139,134,159,-1
199,227,118,162,-1
126,41,124,165,-1
222,188,170,171,-1
166,147,71,159,-1
130,107,68,151,-1
206,173,67,158,-1
170,131,118,164,-1
103,150,128,159,-1
164,123,58,154,-1
129,126,133,159,-1
208,166,96,158,-1
109,0,152,158,-1
153,75,109,158,-1
170,117,98,162,-1
135,145,159,159,-1
167,150,126,161,-1
190,85,82,152,-1
152,87,154,162,-1
171,119,93,162,-1
61,92,198,159,-1
205,169,72,161,-1
193,170,181,157,-1
112,41,202,154,-1
162,114,95,162,-1
104,104,152,161,-1
154,182,111,157,-1
153,36,138,153,-1
152,90,196,158,-1
118,108,99,167,-1
97,52,73,149,-1
154,171,213,167,-1
144,133,129,156,-1
142,114,151,160,-1
117,6,47,161,-1
120,95,122,164,-1
170,120,89,159,-1
145,137,113,157,-1
156,87,46,163,-1
105,0,24,162,-1
126,111,104,164,-1
124,97,106,162,-1
133,140,98,161,-1
175,114,115,160,-1
157,130,57,165,-1
41,125,99,163,-1
128,74,38,152,-1
136,151,103,162,-1
179,198,151,162,-1
159,152,81,163,-1
125,248,152,165,-1
123,153,153,165,-1
135,202,161,158,-1
174,170,135,162,-1
161,111,90,160,-1
143,185,179,160,-1
159,229,149,158,-1
92,300,128,158,-1
199,349,148,160,-1
178,414,125,159,-1
145,432,203,158,-1
161,492,141,159,-1
136,517,151,155,-1
167,449,186,161,-1
189,514,123,161,-1
143,514,156,159,-1
131,539,142,161,-1
89,450,106,153,-1
205,553,179,164,-1
191,637,94,168,-1
138,672,160,163,-1
123,701,75,160,-1
139,697,114,154,-1
198,701,105,162,-1
177,755,102,162,-1
128,808,140,159,-1
165,831,78,149,-1
147,921,121,158,-1
201,884,126,166,-1
166,846,31,161,-1
148,886,98,155,-1
77,774,111,162,-1
150,718,99,149,-1
189,696,108,163,-1
168,715,74,169,-1
168,715,124,156,-1
168,681,83,160,-1
73,543,109,160,-1
196,464,113,155,-1
169,411,57,160,-1
175,235,97,158,-1
170,168,102,164,-1
149,124,142,156,-1
185,125,114,162,-1
162,107,97,164,-1
162,128,117,160,-1
74,73,70,167,-1
157,47,96,150,-1
187,88,115,164,-1
155,23,66,156,-1
188,138,107,159,-1
98,88,67,165,-1
174,111,153,158,-1
183,116,103,163,-1
153,92,72,168,-1
175,127,151,167,-1
171,28,18,162,-1
94,0,96,160,-1
185,68,165,162,-1
161,99,64,163,-1
176,133,125,161,-1
149,47,35,161,-1
173,101,119,160,-1
168,75,138,161,-1
156,98,42,163,-1
184,135,45,164,-1
173,0,12,161,-1
184,115,91,157,-1
177,82,99,161,-1
128,0,29,162,-1
162,147,62,162,-1
181,160,63,168,-1
185,118,85,166,-1
124,108,116,162,-1
177,117,75,164,-1
167,171,134,172,-1
185,170,67,169,-1
220,196,160,161,-1
124,112,141,163,-1
113,22,36,163,-1
164,177,143,170,-1
194,177,74,170,-1
159,80,104,167,-1
168,112,56,158,-1
164,117,80,165,-1
155,156,103,164,-1
182,169,49,168,-1
178,180,100,162,-1
162,105,79,161,-1
161,118,53,163,-1
155,152,82,162,-1
101,105,0,161,-1
187,157,56,153,-1
155,100,49,161,-1
191,158,12,164,-1
162,91,40,158,-1
162,107,11,154,-1
210,173,97,170,-1
176,79,10,161,-1
192,135,40,162,-1
154,101,59,155,-1
0,97,66,162,-1
0,66,0,160,-1
134,88,38,161,-1
128,123,59,163,-1
97,79,88,161,-1
15,48,0,160,-1
131,123,39,156,-1
103,105,95,163,-1
101,148,42,162,-1
74,0,30,169,-1
133,162,61,163,-1
100,75,17,155,-1
103,128,65,164,-1
101,186,29,160,-1
110,120,0,164,-1
107,142,32,154,-1
94,123,130,166,-1
99,129,110,164,-1
0,103,26,162,-1
130,143,75,165,-1
135,173,116,161,-1
104,153,123,161,-1
99,197,83,152,-1
71,131,106,160,-1
100,193,126,158,-1
158,226,132,161,-1
123,195,133,159,-1
99,120,54,154,-1
149,166,140,163,-1
79,168,160,162,-1
58,107,141,162,-1
125,162,141,164,-1
77,176,183,162,-1
114,193,122,162,-1
128,198,153,158,-1
101,140,77,153,-1
145,180,159,163,-1
75,189,172,162,-1
12,199,123,165,-1
109,187,131,162,-1
103,185,166,161,-1
133,182,142,161,-1
66,190,171,163,-1
97,207,122,165,-1
114,187,108,156,-1
157,233,204,164,-1
82,128,150,164,-1
78,174,132,158,-1
101,161,164,162,-1
137,178,132,161,-1
31,163,166,162,-1
50,77,60,153,-1
135,206,157,165,-1
105,175,158,161,-1
75,100,149,163,-1
77,181,177,162,-1
0,150,86,159,-1
140,210,151,158,-1
137,181,173,160,-1
112,147,152,163,-1
91,155,94,155,-1
116,200,128,161,-1
142,232,161,165,-1
102,183,173,167,-1
182,191,165,173,-1
98,203,177,162,-1
117,197,131,162,-1
111,184,126,155,-1
135,158,169,160,-1
168,197,165,170,-1
53,202,180,161,-1
118,146,100,159,-1
135,243,175,165,-1
187,264,230,165,-1
119,156,134,164,-1
93,218,186,161,-1
118,222,136,163,-1
135,269,170,164,-1
135,199,180,166,-1
182,262,170,167,-1
55,198,115,161,-1
124,250,160,159,-1
131,300,179,162,-1
136,240,221,161,-1
113,372,124,159,-1
91,477,50,153,-1
118,504,142,165,-1
126,471,151,157,-1
78,494,163,163,-1
163,507,148,164,-1
59,459,148,160,-1
119,374,87,155,-1
122,421,201,157,-1
178,407,285,164,-1
167,401,97,160,-1
98,361,234,164,-1
13,258,163,160,-1
124,344,164,158,-1
156,259,176,161,-1
170,305,147,164,-1
93,409,79,153,-1
32,245,91,160,-1
133,313,157,158,-1
168,210,163,163,-1
185,284,142,164,-1
79,199,165,166,-1
127,133,72,158,-1
135,226,159,167,-1
180,165,172,169,-1
191,229,146,162,-1
121,197,174,164,-1
36,90,111,160,-1
152,195,187,167,-1
177,133,193,171,-1
175,158,181,165,-1
123,191,189,162,-1
140,195,155,172,-1
137,200,184,168,-1
154,139,186,172,-1
190,227,180,169,-1
128,191,187,163,-1
143,251,246,169,-1
135,207,185,165,-1
85,46,129,159,-1
188,227,169,162,-1
91,194,191,163,-1
61,184,169,168,-1
128,156,89,164,-1
157,139,192,170,-1
159,215,189,167,-1
79,219,166,163,-1
138,218,153,169,-1
125,200,198,164,-1
146,136,203,158,-1
163,215,209,164,-1
88,205,203,161,-1
72,181,186,164,-1
100,149,109,161,-1
133,114,207,160,-1
146,183,166,163,-1
69,196,213,166,-1
124,127,124,155,-1
181,247,267,163,-1
125,132,197,159,-1
148,199,150,162,-1
81,222,205,160,-1
123,211,125,160,-1
92,198,201,160,-1
61,64,171,156,-1
164,180,127,162,-1
84,184,173,161,-1
159,207,146,165,-1
57,147,190,165,-1
125,137,179,160,-1
150,214,169,165,-1
82,227,174,166,-1
154,215,143,163,-1
93,190,160,158,-1
55,76,143,154,-1
150,202,117,166,-1
80,219,171,161,-1
159,226,130,168,-1
48,146,179,159,-1
113,81,107,152,-1
139,204,115,165,-1
82,221,180,164,-1
103,232,100,161,-1
95,194,139,149,-1
124,130,176,162,-1
174,250,208,169,-1
119,139,42,158,-1
170,238,89,162,-1
90,198,139,159,-1
65,142,165,162,-1
155,100,65,164,-1
101,190,144,162,-1
171,234,94,165,-1
59,132,136,157,-1
131,137,166,161,-1
107,68,63,160,-1
100,175,146,161,-1
169,220,90,164,-1
102,176,138,159,-1
81,70,142,161,-1
136,172,84,157,-1
111,159,148,161,-1
126,149,193,161,-1
139,182,109,163,-1
97,174,149,156,-1
83,91,135,168,-1
141,184,121,166,-1
119,171,170,162,-1
150,129,164,154,-1
124,195,168,158,-1
131,167,216,167,-1
148,192,136,165,-1
36,130,214,167,-1
186,212,133,169,-1
130,192,180,167,-1
136,163,224,168,-1
106,140,143,164,-1
89,133,101,156,-1
184,209,142,168,-1
96,210,178,158,-1
112,219,195,162,-1
145,76,114,168,-1
117,178,184,162,-1
142,201,185,166,-1
82,189,190,157,-1
171,196,208,162,-1
139,193,148,166,-1
110,184,190,169,-1
136,202,205,167,-1
42,171,131,155,-1
168,191,194,164,-1
150,199,173,172,-1
111,179,201,165,-1
73,193,258,168,-1
190,243,194,163,-1
166,216,189,166,-1
139,190,188,162,-1
105,181,185,168,-1
136,156,157,162,-1
74,183,198,157,-1
163,205,191,165,-1
75,69,151,166,-1
110,179,187,161,-1
135,204,215,166,-1
76,194,195,158,-1
151,195,219,163,-1
136,212,181,173,-1
105,195,210,163,-1
138,214,208,163,-1
74,206,198,157,-1
148,248,233,163,-1
93,155,172,166,-1
111,197,152,156,-1
136,218,196,163,-1
192,255,187,154,-1
181,208,228,162,-1
125,112,132,163,-1
127,204,214,166,-1
147,206,220,165,-1
114,193,217,165,-1
182,199,227,166,-1
147,231,174,165,-1
80,185,215,165,-1
114,133,187,157,-1
117,185,211,165,-1
181,201,232,161,-1
139,118,215,164,-1
129,195,182,158,-1
150,193,261,165,-1
115,187,226,160,-1
152,159,239,161,-1
184,217,216,166,-1
134,203,154,156,-1
143,200,237,166,-1
69,189,234,158,-1
142,124,176,153,-1
159,208,252,162,-1
130,219,249,161,-1
145,192,241,165,-1
122,183,237,161,-1
185,201,250,160,-1
177,241,233,163,-1
200,249,321,166,-1
69,82,191,156,-1
92,190,255,159,-1
164,169,241,163,-1
157,204,223,162,-1
164,166,141,155,-1
144,201,210,165,-1
95,184,258,159,-1
113,158,241,160,-1
133,168,227,163,-1
161,219,325,160,-1
143,207,206,164,-1
98,183,233,147,-1
161,163,228,165,-1
133,186,229,162,-1
129,148,154,157,-1
146,211,196,165,-1
98,191,250,153,-1
159,133,180,156,-1
139,203,237,163,-1
195,266,225,163,-1
91,219,237,162,-1
44,145,220,151,-1
164,204,237,162,-1
132,134,280,166,-1
162,254,300,160,-1
147,222,248,163,-1
51,148,242,154,-1
165,150,169,155,-1
137,195,247,162,-1
159,238,284,161,-1
143,217,210,165,-1
106,197,283,155,-1
162,167,220,170,-1
136,188,236,161,-1
164,205,267,164,-1
97,145,145,159,-1
113,193,257,159,-1
149,156,216,168,-1
100,131,210,164,-1
169,175,134,152,-1
137,236,186,163,-1
103,201,261,160,-1
139,157,217,170,-1
117,184,135,163,-1
162,206,246,164,-1
150,236,178,159,-1
103,220,255,163,-1
207,252,285,166,-1
116,181,180,167,-1
145,190,130,151,-1
147,226,177,164,-1
105,223,258,163,-1
136,144,257,161,-1
136,168,176,161,-1
163,185,231,164,-1
149,215,166,168,-1
113,197,260,162,-1
144,118,247,170,-1
133,136,125,154,-1
172,119,236,165,-1
133,170,146,165,-1
99,120,107,150,-1
140,100,210,156,-1
163,169,135,159,-1
112,176,162,156,-1
168,85,93,160,-1
140,124,168,158,-1
186,180,215,164,-1
185,158,91,153,-1
130,133,159,159,-1
159,128,124,161,-1
15,149,87,155,-1
137,106,191,153,-1
154,97,167,157,-1
156,79,183,160,-1
148,74,201,158,-1
165,107,163,162,-1
122,153,167,156,-1
139,121,0,157,-1
59,109,0,155,-1
154,81,0,149,-1
129,163,64,154,-1
137,115,58,156,-1
59,9,0,148,-1
159,142,86,154,-1
130,144,81,155,-1
153,85,80,156,-1
141,137,89,151,-1
131,142,42,156,-1
160,141,91,155,-1
131,179,92,155,-1
142,139,108,156,-1
106,116,69,155,-1
144,90,9,152,-1
135,166,106,158,-1
182,237,148,164,-1
187,216,24,147,-1
141,168,137,159,-1
157,175,95,159,-1
108,117,122,159,-1
139,180,130,158,-1
162,200,104,158,-1
127,139,89,163,-1
126,191,59,155,-1
115,237,125,163,-1
143,176,154,158,-1
106,141,113,157,-1
146,119,51,162,-1
122,188,127,160,-1
121,239,143,159,-1
119,101,172,166,-1
167,198,92,167,-1
126,204,84,154,-1
126,193,143,160,-1
124,228,139,156,-1
138,142,128,160,-1
187,243,130,165,-1
151,169,172,168,-1
138,139,104,163,-1
158,184,108,167,-1
144,174,189,165,-1
125,214,141,166,-1
137,252,233,158,-1
119,149,119,157,-1
166,216,100,156,-1
141,195,191,164,-1
123,224,127,161,-1
134,269,194,155,-1
147,184,121,155,-1
165,221,90,164,-1
134,198,149,169,-1
126,227,116,159,-1
92,269,99,149,-1
141,209,174,160,-1
158,238,95,163,-1
84,179,163,162,-1
129,170,108,152,-1
162,254,95,162,-1
140,198,163,166,-1
113,222,127,158,-1
62,278,148,156,-1
144,184,176,162,-1
159,215,88,166,-1
132,187,187,165,-1
136,292,206,166,-1
166,235,101,160,-1
105,263,111,160,-1
114,248,91,153,-1
122,313,239,153,-1
138,253,183,158,-1
116,309,140,157,-1
132,377,58,155,-1
119,522,105,162,-1
112,506,133,157,-1
158,339,137,162,-1
171,264,101,161,-1
128,236,182,164,-1
23,86,85,157,-1
124,259,155,157,-1
135,192,158,166,-1
173,300,143,157,-1
134,519,120,154,-1
119,518,138,163,-1
124,530,113,160,-1
133,579,202,166,-1
163,492,103,162,-1
98,454,250,161,-1
112,472,144,153,-1
111,493,112,163,-1
122,504,148,161,-1
148,466,116,162,-1
127,456,134,159,-1
103,515,184,159,-1
94,519,198,158,-1
123,362,138,163,-1
163,398,146,167,-1
135,280,218,166,-1
107,418,116,163,-1
50,419,162,158,-1
64,252,77,161,-1
164,374,149,161,-1
125,397,183,161,-1
76,316,135,157,-1
91,242,90,156,-1
110,213,205,162,-1
166,346,139,165,-1
93,402,177,162,-1
124,344,59,162,-1
87,282,159,159,-1
113,201,144,153,-1
137,328,144,158,-1
125,307,193,165,-1
134,217,92,159,-1
84,259,158,160,-1
76,172,179,161,-1
167,240,68,159,-1
125,155,162,166,-1
119,234,155,161,-1
93,198,204,159,-1
115,139,182,161,-1
140,273,171,158,-1
102,0,99,162,-1
122,7,156,161,-1
91,28,169,159,-1
119,0,163,160,-1
137,166,92,154,-1
113,132,81,158,-1
115,265,99,162,-1
107,244,139,160,-1
60,227,136,165,-1
152,212,134,156,-1
129,249,136,163,-1
117,238,184,165,-1
189,197,105,150,-1
117,30,206,158,-1
142,244,124,156,-1
94,96,121,168,-1
117,152,66,154,-1
78,107,182,156,-1
138,0,217,159,-1
101,70,43,156,-1
134,0,135,160,-1
144,89,107,161,-1
64,20,131,159,-1
116,0,91,152,-1
145,139,124,156,-1
127,4,135,166,-1
99,57,47,159,-1
102,104,82,162,-1
122,0,138,167,-1
144,187,131,159,-1
85,9,127,160,-1
163,142,89,160,-1
11,136,63,152,-1
122,15,117,165,-1
143,208,157,154,-1
110,64,119,165,-1
148,120,52,154,-1
100,126,66,163,-1
127,79,122,162,-1
182,309,171,158,-1
150,212,132,164,-1
165,230,105,157,-1
55,132,69,151,-1
127,37,126,158,-1
140,119,123,155,-1
127,63,89,161,-1
163,139,78,153,-1
114,96,101,163,-1
128,10,132,165,-1
96,93,173,156,-1
115,14,116,161,-1
149,133,71,153,-1
110,99,89,166,-1
126,6,130,167,-1
142,100,146,152,-1
116,44,105,159,-1
157,144,77,156,-1
119,159,72,161,-1
121,27,114,157,-1
96,136,173,164,-1
189,152,185,164,-1
152,136,70,164,-1
116,89,105,165,-1
133,20,128,157,-1
139,57,80,160,-1
136,7,127,166,-1
148,136,79,156,-1
64,47,157,161,-1
123,9,79,151,-1
140,98,133,160,-1
133,25,138,161,-1
141,136,84,157,-1
88,66,50,157,-1
139,26,127,157,-1
144,86,135,158,-1
73,0,4,155,-1
136,152,74,159,-1
85,106,127,160,-1
132,59,127,157,-1
137,182,167,153,-1
82,49,133,165,-1
115,122,51,154,-1
81,127,94,154,-1
147,68,125,159,-1
149,199,162,154,-1
129,41,128,164,-1
139,134,72,160,-1
179,119,62,150,-1
203,163,201,174,-1
137,102,140,160,-1
134,4,166,167,-1
110,113,69,161,-1
79,125,138,156,-1
154,37,170,162,-1
136,145,226,156,-1
123,0,206,162,-1
138,117,126,159,-1
72,132,163,159,-1
141,6,168,158,-1
134,92,176,158,-1
117,3,155,171,-1
102,100,94,166,-1
70,129,121,159,-1
164,41,146,162,-1
129,82,131,163,-1
95,49,127,161,-1
137,92,78,162,-1
63,121,195,162,-1
203,146,216,167,-1
131,85,141,163,-1
117,8,162,166,-1
76,91,104,168,-1
80,85,144,158,-1
172,61,158,160,-1
132,77,153,163,-1
107,41,163,163,-1
100,54,91,164,-1
96,84,102,155,-1
171,57,160,160,-1
139,8,138,164,-1
125,56,142,166,-1
137,98,106,168,-1
102,83,137,154,-1
179,62,156,158,-1
86,0,134,156,-1
122,75,186,161,-1
60,73,93,161,-1
103,102,102,150,-1
178,108,171,158,-1
147,104,145,161,-1
123,83,63,157,-1
148,118,158,165,-1
112,101,106,161,-1
168,91,171,158,-1
165,102,152,157,-1
127,79,168,161,-1
201,167,235,165,-1
83,98,115,160,-1
177,111,211,159,-1
167,108,155,163,-1
122,81,165,161,-1
69,46,114,162,-1
76,98,120,161,-1
176,113,184,160,-1
133,115,156,159,-1
123,83,72,155,-1
136,114,156,164,-1
73,102,110,161,-1
176,138,193,160,-1
144,114,160,158,-1
125,126,148,163,-1
137,120,164,165,-1
111,101,111,161,-1
156,117,164,162,-1
176,95,137,158,-1
121,112,153,160,-1
97,76,183,168,-1
67,106,130,159,-1
140,134,214,161,-1
176,114,180,155,-1
123,114,193,161,-1
134,117,191,165,-1
70,101,134,160,-1
178,106,194,160,-1
136,95,185,162,-1
133,103,144,158,-1
133,101,142,167,-1
61,79,125,156,-1
116,64,77,164,-1
123,84,116,149,-1
140,117,102,160,-1
139,115,88,158,-1
0,41,5,161,-1
180,105,48,159,-1
162,131,76,164,-1
176,110,79,160,-1
97,53,67,157,-1
112,82,22,137,-1
179,77,25,158,-1
163,79,59,157,-1
20,14,11,150,-1
187,83,64,154,-1
164,87,36,156,-1
150,34,122,154,-1
176,83,94,161,-1
175,52,103,158,-1
205,81,52,159,-1
152,50,151,157,-1
228,112,184,162,-1
164,71,72,158,-1
107,0,33,158,-1
130,69,107,146,-1
127,63,70,154,-1
168,56,0,152,-1
135,46,131,151,-1
199,82,102,157,-1
170,85,84,153,-1
164,97,43,154,-1
159,38,110,145,-1
141,89,126,150,-1
199,24,4,154,-1
168,93,49,155,-1
149,64,93,150,-1
139,100,117,151,-1
195,77,36,165,-1
207,131,142,160,-1
221,134,144,159,-1
140,94,128,151,-1
167,89,74,153,-1
154,87,113,147,-1
196,119,116,157,-1
169,128,54,154,-1
96,90,27,162,-1
140,139,88,144,-1
166,141,50,154,-1
193,160,76,162,-1
35,123,0,155,-1
170,147,59,147,-1
150,134,140,149,-1
203,149,85,157,-1
137,112,64,161,-1
147,135,118,159,-1
86,72,10,157,-1
144,135,139,148,-1
194,148,99,157,-1
87,172,80,162,-1
146,111,35,150,-1
161,149,64,153,-1
145,143,136,147,-1
197,152,87,157,-1
193,183,84,162,-1
135,173,139,149,-1
159,77,57,155,-1
104,34,137,155,-1
178,165,35,158,-1
149,155,53,156,-1
204,192,85,157,-1
161,151,155,159,-1
212,215,186,160,-1
174,130,169,162,-1
151,154,102,163,-1
125,176,199,153,-1
161,149,127,160,-1
161,139,237,155,-1
171,122,193,163,-1
152,151,128,160,-1
144,190,210,156,-1
161,194,119,160,-1
124,105,209,155,-1
167,107,71,153,-1
149,172,128,160,-1
161,203,199,155,-1
164,210,133,162,-1
181,228,246,156,-1
213,252,243,170,-1
47,161,194,161,-1
143,236,232,155,-1
174,286,149,164,-1
159,180,223,156,-1
161,162,162,153,-1
149,190,160,160,-1
152,232,295,157,-1
188,272,150,164,-1
197,185,269,156,-1
160,165,228,165,-1
59,115,108,157,-1
149,245,232,156,-1
195,277,139,165,-1
133,219,173,154,-1
157,188,225,157,-1
144,216,173,161,-1
153,294,194,161,-1
117,192,182,161,-1
188,164,232,156,-1
159,186,233,162,-1
149,204,135,161,-1
0,247,225,159,-1
30,196,200,161,-1
45,229,234,155,-1
6,221,136,156,-1
49,188,182,161,-1
0,211,264,158,-1
0,184,186,162,-1
114,135,163,154,-1
99,151,223,163,-1
163,220,255,172,-1
101,168,204,161,-1
151,216,254,168,-1
120,200,252,155,-1
100,207,250,164,-1
123,158,145,157,-1
59,159,222,161,-1
88,145,194,162,-1
106,177,207,160,-1
96,96,119,161,-1
132,184,189,160,-1
60,169,203,160,-1
93,156,198,162,-1
102,183,201,160,-1
101,126,197,162,-1
98,106,142,159,-1
76,187,197,161,-1
85,179,245,162,-1
152,252,258,168,-1
158,245,119,159,-1
141,230,208,161,-1
39,153,138,153,-1
84,188,226,157,-1
98,202,203,160,-1
117,142,198,163,-1
137,222,180,165,-1
68,193,202,159,-1
85,180,277,161,-1
95,211,204,159,-1
68,156,175,166,-1
134,240,183,165,-1
85,205,248,159,-1
87,200,261,162,-1
99,220,193,160,-1
93,212,224,164,-1
135,250,173,162,-1
67,215,189,160,-1
91,219,178,162,-1
69,224,176,162,-1
124,171,228,167,-1
141,273,151,161,-1
81,248,188,159,-1
29,184,219,162,-1
64,160,127,157,-1
93,167,200,162,-1
136,236,190,165,-1
63,190,193,161,-1
85,200,275,161,-1
105,202,187,159,-1
92,174,196,162,-1
92,95,166,156,-1
103,229,139,154,-1
157,288,242,167,-1
95,228,238,165,-1
26,130,134,153,-1
118,278,203,156,-1
51,230,227,155,-1
105,322,157,157,-1
100,255,189,154,-1
39,177,70,150,-1
116,317,177,155,-1
47,274,203,155,-1
36,310,134,161,-1
102,264,109,149,-1
90,213,193,155,-1
119,303,164,154,-1
0,332,140,157,-1
107,318,193,161,-1
102,239,158,164,-1
95,180,139,161,-1
103,270,57,152,-1
47,247,209,154,-1
132,306,134,160,-1
101,275,188,153,-1
43,276,148,162,-1
111,251,75,149,-1
44,283,184,157,-1
142,366,110,158,-1
108,287,166,156,-1
95,248,175,160,-1
112,294,145,158,-1
66,266,141,154,-1
150,336,173,166,-1
124,240,245,159,-1
47,211,178,162,-1
107,259,125,155,-1
79,228,212,161,-1
152,313,145,165,-1
91,130,250,158,-1
89,203,156,169,-1
105,203,127,164,-1
61,221,255,162,-1
128,271,169,165,-1
76,203,114,160,-1
93,165,184,162,-1
107,202,127,165,-1
0,130,181,162,-1
136,192,99,150,-1
106,198,174,160,-1
126,170,220,161,-1
71,192,240,168,-1
67,172,229,165,-1
184,243,251,167,-1
104,218,229,160,-1
132,125,116,166,-1
76,179,126,165,-1
72,138,106,152,-1
122,200,202,161,-1
105,227,224,162,-1
108,195,176,166,-1
124,125,109,164,-1
83,173,223,161,-1
128,189,164,160,-1
103,193,144,151,-1
148,212,201,162,-1
117,180,143,166,-1
0,177,114,162,-1
122,178,220,162,-1
172,239,230,156,-1
131,167,179,165,-1
133,117,100,163,-1
101,159,178,161,-1
127,181,177,165,-1
104,170,183,158,-1
151,199,220,163,-1
140,170,160,166,-1
98,161,184,162,-1
129,189,216,160,-1
107,219,206,162,-1
147,200,186,162,-1
145,211,108,157,-1
105,187,185,166,-1
130,202,196,161,-1
64,126,197,162,-1
161,179,266,162,-1
151,198,142,166,-1
103,160,180,162,-1
124,176,207,164,-1
64,72,168,155,-1
160,170,183,161,-1
154,176,162,166,-1
75,155,176,161,-1
83,130,135,159,-1
106,172,176,161,-1
156,176,179,163,-1
123,215,198,165,-1
98,161,171,161,-1
123,175,186,165,-1
104,171,170,160,-1
156,177,172,161,-1
117,200,205,164,-1
43,171,159,162,-1
178,255,212,162,-1
113,244,178,158,-1
175,258,234,167,-1
110,206,203,165,-1
113,181,157,161,-1
117,196,149,166,-1
99,189,155,161,-1
134,203,221,160,-1
89,244,82,161,-1
99,227,151,159,-1
122,460,93,160,-1
77,443,179,158,-1
129,616,57,159,-1
110,752,101,164,-1
113,717,138,165,-1
76,784,211,165,-1
122,701,168,161,-1
139,669,181,168,-1
111,716,98,161,-1
107,732,186,157,-1
62,725,52,159,-1
145,816,189,157,-1
131,785,137,165,-1
111,841,127,161,-1
99,835,95,153,-1
128,828,99,163,-1
142,851,207,157,-1
136,816,216,166,-1
121,766,229,167,-1
113,838,135,165,-1
135,934,149,163,-1
69,882,136,158,-1
125,974,148,163,-1
113,1021,120,168,-1
115,1047,165,159,-1
135,1012,156,166,-1
65,986,139,157,-1
117,1041,176,163,-1
121,1143,168,162,-1
106,1109,215,159,-1
142,1123,191,164,-1
150,1188,206,161,-1
115,1107,199,162,-1
69,1080,129,156,-1
113,1162,190,162,-1
143,1142,163,164,-1
158,1196,185,170,-1
130,1193,193,162,-1
79,1170,114,169,-1
117,1213,244,163,-1
132,1240,246,167,-1
175,1243,163,168,-1
131,1223,197,172,-1
90,1306,234,174,-1
124,1250,214,164,-1
72,1164,98,165,-1
158,1263,115,170,-1
120,1279,165,173,-1
130,1319,70,170,-1
90,1286,172,163,-1
154,1306,147,174,-1
157,1349,150,170,-1
165,1408,145,170,-1
144,1468,114,174,-1
79,1358,127,175,-1
197,1482,149,164,-1
157,1403,254,172,-1
118,1424,147,168,-1
138,1490,114,174,-1
70,1431,194,164,-1
96,1368,138,168,-1
155,1414,273,175,-1
124,1415,145,167,-1
140,1371,70,165,-1
88,1398,193,163,-1
106,1399,143,172,-1
142,1323,142,167,-1
115,1391,65,161,-1
148,1417,81,171,-1
81,1403,179,162,-1
16,1434,145,170,-1
146,1298,39,163,-1
114,1452,136,172,-1
158,1458,82,171,-1
40,1412,131,166,-1
39,1400,120,167,-1
163,1475,163,176,-1
128,1417,136,171,-1
97,1392,104,171,-1
80,1416,0,156,-1
101,1427,129,169,-1
129,1413,54,170,-1
115,1438,147,172,-1
172,1449,167,172,-1
78,1410,171,165,-1
112,1416,147,171,-1
127,1407,33,162,-1
113,1418,180,172,-1
150,1460,175,171,-1
31,1427,186,162,-1
165,1377,132,161,-1
167,1521,210,173,-1
120,1453,211,173,-1
89,1410,85,171,-1
82,1433,189,162,-1
120,1451,144,168,-1
123,1434,197,166,-1
113,1413,199,170,-1
98,1486,98,166,-1
35,1385,84,156,-1
103,1423,176,167,-1
116,1420,100,167,-1
175,1513,193,170,-1
157,1436,189,170,-1
73,1403,188,170,-1
116,1389,152,164,-1
116,1368,119,162,-1
125,1269,176,163,-1
155,1254,125,154,-1
93,1033,153,154,-1
54,755,148,157,-1
92,409,159,149,-1
136,427,177,157,-1
162,455,190,161,-1
41,425,249,162,-1
108,451,132,147,-1
92,492,209,154,-1
142,471,234,157,-1
154,492,174,161,-1
93,437,161,150,-1
107,418,190,168,-1
119,299,233,159,-1
100,204,209,167,-1
155,185,148,164,-1
100,201,283,165,-1
112,176,226,162,-1
90,154,285,158,-1
154,139,188,157,-1
167,213,195,164,-1
113,171,306,163,-1
107,178,244,161,-1
106,210,239,159,-1
120,88,148,154,-1
140,212,217,162,-1
72,154,223,162,-1
33,145,215,162,-1
103,116,181,154,-1
112,134,238,162,-1
145,190,216,160,-1
112,149,222,162,-1
108,128,218,163,-1
142,136,207,158,-1
168,189,256,167,-1
150,103,199,162,-1
69,132,193,162,-1
35,0,169,154,-1
83,140,186,162,-1
105,74,179,165,-1
134,152,135,163,-1
62,136,172,166,-1
135,149,123,167,-1
55,178,228,172,-1
173,183,159,153,-1
132,137,114,160,-1
66,153,158,159,-1
135,149,113,166,-1
95,73,137,160,-1
111,60,156,158,-1
83,10,84,154,-1
84,101,164,155,-1
104,45,157,159,-1
151,117,118,161,-1
83,88,168,156,-1
106,28,112,153,-1
154,88,89,152,-1
76,81,179,158,-1
110,23,177,159,-1
126,97,143,162,-1
30,69,92,161,-1
153,112,127,157,-1
75,82,167,155,-1
54,26,152,157,-1
159,123,85,156,-1
89,89,0,152,-1
113,37,0,153,-1
159,137,0,155,-1
43,44,3,150,-1
109,30,65,153,-1
158,135,0,157,-1
126,106,3,157,-1
38,61,0,149,-1
103,114,11,153,-1
88,96,59,144,-1
81,95,65,153,-1
115,67,101,152,-1
90,138,35,150,-1
90,117,70,143,-1
116,89,102,153,-1
160,173,33,156,-1
54,93,91,159,-1
110,44,25,153,-1
124,162,75,154,-1
181,221,136,149,-1
164,198,36,148,-1
104,155,82,150,-1
108,113,94,152,-1
121,165,30,156,-1
93,166,82,156,-1
156,196,34,159,-1
102,154,77,150,-1
177,216,147,168,-1
168,209,144,159,-1
77,205,105,160,-1
179,205,29,157,-1
125,169,28,155,-1
32,179,83,150,-1
165,196,37,160,-1
108,154,115,157,-1
82,63,87,158,-1
129,178,36,158,-1
65,163,125,155,-1
171,237,47,153,-1
113,202,109,158,-1
114,182,92,158,-1
129,231,61,157,-1
52,207,119,164,-1
163,249,51,150,-1
113,273,95,153,-1
108,171,99,158,-1
86,152,78,155,-1
74,245,107,158,-1
162,248,59,155,-1
86,207,119,154,-1
108,187,98,155,-1
121,211,54,161,-1
14,183,13,152,-1
164,237,119,155,-1
77,208,95,158,-1
112,179,98,161,-1
120,205,50,162,-1
66,186,131,159,-1
163,228,59,155,-1
36,159,138,155,-1
106,103,53,156,-1
120,182,69,164,-1
54,155,155,158,-1
114,200,53,157,-1
70,173,129,161,-1
117,156,144,160,-1
123,172,81,164,-1
73,164,86,154,-1
167,175,74,160,-1
68,218,127,162,-1
170,229,178,159,-1
119,228,189,171,-1
63,158,160,162,-1
131,183,76,160,-1
21,216,91,158,-1
126,151,128,161,-1
120,178,79,167,-1
76,161,144,166,-1
167,183,75,160,-1
62,223,141,161,-1
134,193,215,162,-1
63,93,80,158,-1
79,158,178,162,-1
136,186,88,160,-1
64,138,136,162,-1
144,162,149,153,-1
124,185,95,165,-1
34,108,87,165,-1
126,181,57,154,-1
61,207,135,160,-1
153,180,186,165,-1
79,166,86,165,-1
93,147,82,155,-1
131,220,90,158,-1
66,244,139,156,-1
151,256,147,165,-1
118,213,79,165,-1
38,140,185,162,-1
126,182,54,154,-1
67,209,117,158,-1
146,227,123,164,-1
61,209,69,165,-1
84,297,115,161,-1
61,184,49,161,-1
74,241,115,155,-1
152,212,125,160,-1
127,246,107,160,-1
45,182,114,161,-1
123,241,103,151,-1
75,254,157,160,-1
155,299,99,164,-1
123,252,67,166,-1
88,334,114,161,-1
115,349,83,167,-1
69,466,125,161,-1
123,408,156,157,-1
125,489,124,162,-1
94,472,240,164,-1
167,508,206,167,-1
104,472,220,169,-1
153,394,173,161,-1
136,469,151,160,-1
102,518,238,161,-1
122,0,118,161,-1
85,0,202,154,-1
153,0,241,163,-1
84,0,123,161,-1
99,52,228,163,-1
56,13,190,166,-1
170,160,183,161,-1
153,53,232,163,-1
100,0,111,159,-1
103,95,229,164,-1
124,138,150,162,-1
95,100,180,156,-1
154,103,208,166,-1
148,123,126,161,-1
99,111,223,163,-1
115,149,148,162,-1
44,121,125,149,-1
156,189,142,166,-1
131,214,101,162,-1
71,84,98,159,-1
130,95,145,164,-1
99,27,137,162,-1
167,51,236,163,-1
166,45,135,168,-1
101,31,142,166,-1
125,71,211,163,-1
25,9,122,154,-1
166,68,216,164,-1
136,72,154,168,-1
59,0,156,163,-1
127,103,184,155,-1
62,0,157,167,-1
158,0,164,168,-1
147,0,142,162,-1
62,92,144,164,-1
122,87,143,154,-1
59,62,177,160,-1
135,45,162,162,-1
82,35,122,163,-1
118,112,88,158,-1
125,65,164,161,-1
66,46,203,159,-1
91,32,236,171,-1
107,73,151,163,-1
116,12,217,166,-1
125,37,235,160,-1
133,18,160,163,-1
107,0,170,171,-1
111,85,121,166,-1
174,120,229,168,-1
53,0,170,155,-1
79,72,193,159,-1
133,87,199,171,-1
98,45,114,164,-1
184,152,268,163,-1
179,148,234,166,-1
178,80,188,158,-1
179,142,247,169,-1
111,122,139,162,-1
155,102,161,167,-1
115,142,125,161,-1
24,136,155,158,-1
133,18,181,154,-1
112,88,176,165,-1
153,64,169,161,-1
76,86,117,162,-1
98,121,160,162,-1
131,69,256,165,-1
111,85,195,164,-1
30,38,54,161,-1
137,109,215,164,-1
100,78,192,152,-1
127,65,157,164,-1
114,82,157,165,-1
153,66,163,166,-1
141,44,177,162,-1
104,71,226,158,-1
123,65,149,164,-1
36,80,204,163,-1
146,89,151,161,-1
147,87,208,165,-1
77,93,89,164,-1
124,51,103,158,-1
110,76,203,162,-1
157,78,160,161,-1
70,56,197,166,-1
104,73,171,157,-1
123,45,143,165,-1
115,76,215,163,-1
126,48,213,160,-1
153,93,195,166,-1
96,83,100,163,-1
125,44,118,158,-1
112,78,196,161,-1
154,85,204,160,-1
137,108,150,165,-1
107,74,196,161,-1
84,0,81,165,-1
180,159,270,162,-1
157,173,156,170,-1
66,176,175,162,-1
92,142,222,169,-1
119,166,196,162,-1
54,214,85,158,-1
169,253,220,164,-1
179,431,278,161,-1
163,452,236,168,-1
124,407,177,163,-1
110,479,165,167,-1
161,483,217,163,-1
133,466,206,163,-1
105,501,178,163,-1
126,549,206,165,-1
64,523,107,157,-1
135,567,210,164,-1
120,666,120,165,-1
126,673,176,160,-1
122,694,110,160,-1
127,852,152,167,-1
133,890,164,163,-1
116,938,109,162,-1
106,1059,211,161,-1
128,995,138,158,-1
136,1071,192,170,-1
135,1005,189,162,-1
49,1110,136,169,-1
123,1066,82,162,-1
124,1089,144,169,-1
151,1185,54,169,-1
79,1051,126,168,-1
114,1181,50,161,-1
134,1161,109,166,-1
123,1122,132,169,-1
153,1042,73,168,-1
130,1013,184,168,-1
20,940,141,161,-1
125,892,134,154,-1
133,896,178,162,-1
165,915,140,168,-1
77,834,88,160,-1
112,939,134,161,-1
133,988,191,160,-1
118,901,176,162,-1
160,899,97,162,-1
122,851,149,164,-1
100,896,188,162,-1
126,896,142,161,-1
93,861,95,162,-1
159,1003,133,163,-1
183,1085,270,169,-1
100,1009,207,169,-1
112,884,82,160,-1
130,941,178,162,-1
132,925,221,169,-1
183,650,233,168,-1
131,192,256,168,-1
130,92,261,168,-1
137,109,146,167,-1
156,99,116,161,-1
129,13,211,166,-1
109,43,144,161,-1
70,104,93,153,-1
137,0,195,160,-1
165,85,148,160,-1
125,8,152,163,-1
99,49,146,159,-1
127,78,161,158,-1
134,4,176,163,-1
165,113,155,161,-1
130,147,173,166,-1
49,126,56,163,-1
133,113,153,156,-1
131,0,184,163,-1
169,143,121,156,-1
79,67,144,163,-1
115,49,60,158,-1
113,90,143,162,-1
136,96,123,172,-1
175,112,115,156,-1
125,91,167,165,-1
56,0,91,160,-1
108,132,175,161,-1
122,29,177,163,-1
163,154,137,159,-1
125,74,67,160,-1
121,115,167,161,-1
101,123,148,162,-1
118,40,191,163,-1
169,171,133,160,-1
129,67,174,164,-1
109,144,177,160,-1
97,138,173,162,-1
65,28,137,164,-1
153,220,121,168,-1
126,50,174,164,-1
82,102,87,163,-1
101,147,185,158,-1
116,107,237,169,-1
145,260,183,165,-1
190,238,249,168,-1
161,232,191,166,-1
124,226,197,164,-1
117,326,220,157,-1
92,372,288,168,-1
180,506,136,161,-1
178,453,157,156,-1
93,489,150,159,-1
120,482,200,162,-1
105,441,130,165,-1
136,483,179,163,-1
117,532,136,165,-1
93,525,152,159,-1
111,484,221,161,-1
142,484,139,163,-1
139,416,193,161,-1
160,380,144,163,-1
66,269,223,162,-1
118,154,217,169,-1
136,278,124,168,-1
133,90,260,166,-1
159,174,170,163,-1
88,148,164,161,-1
119,54,186,163,-1
95,157,191,167,-1
98,51,155,161,-1
152,168,245,159,-1
109,120,134,158,-1
112,83,168,161,-1
106,74,94,154,-1
158,42,149,163,-1
140,146,102,160,-1
114,106,109,161,-1
113,29,130,166,-1
131,108,171,156,-1
153,6,132,166,-1
88,86,68,156,-1
114,83,134,166,-1
112,25,120,158,-1
81,82,115,155,-1
65,0,39,154,-1
134,145,71,160,-1
116,101,102,155,-1
85,9,131,166,-1
124,103,137,156,-1
151,0,155,167,-1
131,113,101,156,-1
93,114,63,160,-1
109,35,156,162,-1
124,85,150,151,-1
99,52,215,159,-1
127,131,118,159,-1
179,160,222,164,-1
108,87,218,169,-1
169,120,217,165,-1
141,87,214,165,-1
129,100,95,168,-1
96,66,84,157,-1
115,70,116,154,-1
128,96,144,155,-1
112,3,172,162,-1
128,111,102,161,-1
72,108,106,148,-1
117,80,150,162,-1
126,120,153,155,-1
74,55,194,166,-1
117,134,111,157,-1
71,132,180,161,-1
129,97,173,160,-1
130,149,148,153,-1
109,47,196,161,-1
119,153,126,156,-1
40,155,175,160,-1
119,91,185,157,-1
124,155,173,153,-1
110,53,190,161,-1
0,215,207,160,-1
0,181,200,161,-1
56,111,188,161,-1
61,161,197,153,-1
42,62,200,162,-1
38,173,115,160,-1
0,166,166,158,-1
64,104,191,165,-1
53,172,235,164,-1
38,67,192,161,-1
33,178,125,151,-1
3,196,197,161,-1
60,123,192,164,-1
61,185,195,152,-1
38,83,194,161,-1
35,192,157,157,-1
9,200,176,161,-1
78,216,208,162,-1
13,194,209,154,-1
41,93,186,161,-1
29,168,173,162,-1
0,189,157,161,-1
74,260,214,162,-1
81,263,164,164,-1
63,95,181,161,-1
70,222,283,162,-1
34,293,239,173,-1
70,200,297,166,-1
125,179,144,158,-1
131,248,244,166,-1
134,235,141,154,-1
22,203,176,161,-1
90,234,190,163,-1
76,200,198,154,-1
58,88,184,161,-1
73,206,140,156,-1
20,213,173,161,-1
97,146,186,164,-1
34,148,174,158,-1
52,96,190,159,-1
59,207,198,156,-1
19,211,177,161,-1
90,173,178,164,-1
29,183,127,156,-1
55,95,185,161,-1
77,289,208,158,-1
18,225,267,162,-1
101,142,187,162,-1
17,111,141,154,-1
56,113,183,160,-1
81,205,197,166,-1
23,214,249,162,-1
108,220,185,166,-1
36,134,175,154,-1
62,139,190,161,-1
76,207,184,165,-1
20,199,175,161,-1
69,207,191,164,-1
78,203,232,155,-1
57,112,180,161,-1
79,205,135,156,-1
17,242,101,160,-1
107,161,185,156,-1
75,277,180,165,-1
58,131,234,160,-1
78,302,186,160,-1
20,234,211,162,-1
97,315,194,162,-1
76,261,208,164,-1
43,208,110,161,-1
80,247,125,154,-1
37,257,185,163,-1
108,177,168,160,-1
28,232,168,164,-1
58,141,125,159,-1
117,220,197,165,-1
0,213,197,171,-1
169,212,171,160,-1
115,282,209,165,-1
106,247,271,166,-1
111,234,217,155,-1
172,286,224,166,-1
133,197,151,156,-1
120,237,172,160,-1
100,209,217,161,-1
49,226,120,159,-1
86,271,86,151,-1
155,308,168,165,-1
131,265,184,163,-1
96,221,167,163,-1
121,257,145,159,-1
87,253,195,161,-1
158,291,169,164,-1
66,227,97,155,-1
99,219,196,159,-1
122,238,154,159,-1
95,295,169,162,-1
140,254,164,165,-1
138,334,110,154,-1
97,242,190,161,-1
115,305,126,164,-1
86,382,112,158,-1
149,291,144,159,-1
141,434,106,166,-1
98,432,176,166,-1
48,464,152,157,-1
76,430,162,159,-1
151,467,203,163,-1
85,390,87,162,-1
96,562,156,157,-1
116,714,157,161,-1
90,772,141,158,-1
146,710,204,164,-1
155,811,134,162,-1
88,726,140,164,-1
123,818,125,161,-1
84,792,127,158,-1
141,725,210,161,-1
160,680,124,163,-1
101,754,183,160,-1
115,765,212,163,-1
0,651,171,161,-1
192,546,168,165,-1
181,490,195,161,-1
125,326,172,163,-1
205,319,275,167,-1
42,163,162,159,-1
191,203,184,158,-1
203,535,204,169,-1
198,559,122,162,-1
223,828,230,167,-1
93,846,121,159,-1
171,945,166,165,-1
149,1150,130,159,-1
134,1184,188,170,-1
152,1304,152,169,-1
84,1537,154,165,-1
158,1522,0,167,-1
138,1607,93,169,-1
155,1567,116,170,-1
148,1433,47,166,-1
48,1312,80,164,-1
163,1217,80,159,-1
133,1150,114,160,-1
151,969,119,163,-1
150,846,68,162,-1
114,563,144,159,-1
162,217,156,161,-1
142,110,81,149,-1
169,224,191,163,-1
152,183,127,164,-1
52,131,81,161,-1
155,447,108,153,-1
138,532,125,160,-1
177,458,213,163,-1
152,309,89,160,-1
115,197,93,161,-1
155,195,97,165,-1
137,181,140,159,-1
175,176,128,160,-1
137,145,125,162,-1
133,178,108,159,-1
154,191,111,164,-1
94,126,148,159,-1
184,176,33,151,-1
169,184,111,162,-1
131,219,159,157,-1
121,109,98,165,-1
146,171,152,161,-1
188,169,122,164,-1
97,31,104,159,-1
136,156,165,157,-1
161,156,89,172,-1
85,0,150,164,-1
193,153,132,170,-1
159,144,144,163,-1
137,156,146,158,-1
150,179,101,170,-1
156,183,229,168,-1
187,147,158,164,-1
209,174,164,168,-1
212,182,218,168,-1
74,81,73,159,-1
141,123,213,162,-1
186,113,163,164,-1
187,153,173,167,-1
124,94,175,158,-1
157,94,109,158,-1
140,122,221,163,-1
194,106,175,162,-1
119,86,135,164,-1
146,134,153,158,-1
158,139,124,167,-1
135,135,225,160,-1
159,193,135,170,-1
155,141,102,159,-1
133,179,223,159,-1
153,164,131,164,-1
136,145,209,159,-1
162,114,209,163,-1
153,143,146,163,-1
148,164,188,156,-1
152,152,150,166,-1
105,50,232,157,-1
167,123,143,156,-1
147,138,173,164,-1
165,195,254,166,-1
96,158,167,168,-1
179,46,229,158,-1
164,118,256,164,-1
144,148,183,163,-1
159,180,243,164,-1
155,176,184,168,-1
184,155,245,158,-1
164,118,259,166,-1
109,142,187,163,-1
156,184,163,161,-1
156,178,166,168,-1
185,164,242,158,-1
115,112,248,165,-1
91,84,120,164,-1
160,191,263,167,-1
155,176,213,169,-1
189,65,244,160,-1
154,166,211,166,-1
144,148,139,162,-1
155,200,187,156,-1
153,145,129,164,-1
184,101,80,159,-1
168,219,167,164,-1
87,142,89,159,-1
150,164,25,153,-1
157,168,77,158,-1
176,174,85,155,-1
106,79,86,156,-1
141,96,0,150,-1
187,191,55,153,-1
147,128,48,154,-1
79,131,0,154,-1
179,185,48,156,-1
148,115,62,154,-1
78,116,1,147,-1
182,192,67,153,-1
146,115,80,154,-1
156,151,28,158,-1
134,138,0,149,-1
186,187,87,154,-1
145,110,112,154,-1
135,131,60,153,-1
152,184,80,153,-1
92,65,0,151,-1
169,136,49,153,-1
130,136,114,153,-1
111,107,95,155,-1
136,106,64,156,-1
172,158,117,155,-1
135,144,126,153,-1
138,157,133,152,-1
79,137,24,148,-1
176,197,154,153,-1
152,121,170,155,-1
76,103,153,162,-1
181,171,166,150,-1
142,122,175,156,-1
141,122,144,155,-1
111,86,192,156,-1
139,116,171,160,-1
175,165,203,154,-1
134,106,205,161,-1
134,131,205,166,-1
72,58,212,158,-1
137,104,154,162,-1
198,178,270,155,-1
196,158,279,162,-1
192,48,180,159,-1
158,115,175,157,-1
138,78,222,158,-1
131,110,202,155,-1
199,146,132,155,-1
144,125,182,150,-1
196,127,240,161,-1
176,128,184,161,-1
138,47,147,163,-1
157,115,229,163,-1
117,86,232,159,-1
44,90,190,168,-1
160,62,189,158,-1
136,83,251,165,-1
162,126,237,165,-1
119,105,251,162,-1
133,89,201,169,-1
154,114,245,164,-1
137,69,250,167,-1
162,145,270,165,-1
117,93,253,162,-1
60,75,214,158,-1
157,112,250,165,-1
135,68,245,161,-1
97,117,262,165,-1
76,58,162,163,-1
136,94,177,163,-1
157,112,226,166,-1
116,34,139,160,-1
163,140,173,160,-1
120,97,207,161,-1
138,65,203,159,-1
106,29,200,161,-1
114,90,114,149,-1
127,74,152,159,-1
149,102,227,157,-1
94,29,179,164,-1
160,119,196,169,-1
119,80,199,159,-1
130,77,149,158,-1
155,101,220,159,-1
134,35,204,161,-1
119,53,194,163,-1
112,87,210,160,-1
136,106,151,159,-1
144,91,216,161,-1
89,0,156,155,-1
178,141,248,165,-1
124,110,232,164,-1
191,131,154,159,-1
119,56,266,166,-1
124,0,134,161,-1
184,167,172,159,-1
144,126,219,161,-1
202,188,234,158,-1
146,150,249,167,-1
166,71,211,161,-1
134,106,117,150,-1
147,135,165,160,-1
158,69,181,159,-1
131,133,115,159,-1
177,160,124,159,-1
123,122,212,160,-1
134,139,115,159,-1
141,160,127,159,-1
126,80,86,155,-1
133,164,112,160,-1
145,165,181,161,-1
169,105,185,166,-1
190,187,138,160,-1
120,142,0,168,-1
133,152,0,160,-1
146,171,84,159,-1
101,102,42,163,-1
187,204,0,165,-1
135,154,97,162,-1
137,157,30,161,-1
101,84,33,159,-1
176,140,50,158,-1
188,204,56,164,-1
141,160,91,169,-1
75,188,37,171,-1
147,178,129,162,-1
172,142,101,163,-1
188,205,78,163,-1
91,118,100,167,-1
136,163,29,159,-1
143,185,130,161,-1
161,116,106,167,-1
175,218,133,167,-1
83,131,106,165,-1
39,130,43,162,-1
142,183,113,165,-1
143,111,111,168,-1
189,219,141,167,-1
105,193,77,161,-1
136,199,56,168,-1
146,202,177,166,-1
196,232,175,174,-1
180,229,174,165,-1
96,125,22,157,-1
129,196,65,168,-1
146,182,150,162,-1
205,229,181,174,-1
131,225,177,170,-1
156,181,84,165,-1
133,206,110,166,-1
148,180,119,163,-1
154,113,116,167,-1
191,206,124,167,-1
81,128,23,157,-1
137,202,70,167,-1
144,179,124,161,-1
126,105,124,165,-1
170,188,84,163,-1
82,185,146,162,-1
139,205,65,167,-1
143,178,123,162,-1
136,107,126,167,-1
157,49,37,157,-1
98,158,139,168,-1
153,208,65,165,-1
150,179,135,159,-1
108,53,122,164,-1
161,184,60,157,-1
102,177,149,164,-1
134,190,74,168,-1
99,176,140,160,-1
131,103,124,164,-1
168,183,74,164,-1
101,164,164,165,-1
155,212,63,164,-1
141,180,118,163,-1
74,52,49,160,-1
166,183,78,164,-1
100,169,136,169,-1
150,202,76,164,-1
105,88,114,162,-1
130,108,131,164,-1
174,187,90,163,-1
112,190,143,165,-1
138,208,78,166,-1
88,87,82,157,-1
131,111,128,164,-1
166,183,78,166,-1
65,171,153,162,-1
148,209,107,170,-1
205,230,178,163,-1
195,231,188,171,-1
165,182,82,163,-1
101,204,138,165,-1
148,203,81,160,-1
148,176,120,164,-1
132,109,130,167,-1
206,230,192,172,-1
152,203,187,170,-1
89,163,188,175,-1
152,184,127,161,-1
131,106,129,168,-1
157,79,89,163,-1
95,159,32,163,-1
175,205,75,166,-1
146,182,133,165,-1
130,113,149,169,-1
160,180,85,164,-1
93,154,40,158,-1
174,212,73,164,-1
103,178,128,161,-1
134,114,39,162,-1
158,179,88,165,-1
97,158,137,166,-1
124,248,73,167,-1
146,181,128,164,-1
134,112,136,167,-1
159,56,72,161,-1
106,153,120,168,-1
177,217,76,164,-1
117,97,123,163,-1
135,76,12,159,-1
153,184,77,162,-1
107,163,130,166,-1
130,218,74,163,-1
161,106,97,161,-1
136,136,138,167,-1
153,177,78,162,-1
121,153,129,164,-1
123,216,68,162,-1
166,90,64,160,-1
134,133,152,164,-1
157,180,78,163,-1
47,186,143,160,-1
184,212,38,155,-1
147,176,113,165,-1
131,0,141,167,-1
161,49,73,165,-1
102,86,158,165,-1
180,88,110,164,-1
150,103,184,173,-1
79,0,0,158,-1
157,102,76,162,-1
99,72,124,167,-1
117,135,70,163,-1
143,104,100,158,-1
136,89,151,171,-1
209,137,79,162,-1
141,74,131,169,-1
172,143,77,163,-1
152,103,128,161,-1
132,27,78,160,-1
153,101,84,164,-1
101,79,128,167,-1
117,81,69,156,-1
149,100,135,159,-1
134,33,134,168,-1
157,103,84,165,-1
50,82,129,164,-1
173,128,77,168,-1
144,102,125,162,-1
137,35,135,168,-1
143,0,67,157,-1
96,101,170,165,-1
172,180,149,170,-1
101,114,126,163,-1
83,0,13,160,-1
161,126,73,165,-1
100,103,131,166,-1
118,157,73,164,-1
149,141,121,168,-1
134,59,139,168,-1
157,123,78,166,-1
98,128,164,164,-1
121,93,59,158,-1
146,126,119,168,-1
135,64,2,164,-1
156,124,77,163,-1
108,101,135,167,-1
128,159,78,163,-1
109,41,95,161,-1
138,60,148,167,-1
156,125,80,168,-1
59,76,148,164,-1
183,160,78,164,-1
146,133,126,163,-1
71,15,129,162,-1
158,128,77,163,-1
81,101,47,164,-1
124,128,189,170,-1
164,131,117,164,-1
137,49,137,167,-1
153,0,70,163,-1
98,107,129,170,-1
172,220,85,165,-1
114,135,121,165,-1
78,29,19,160,-1
162,134,90,166,-1
203,189,181,173,-1
163,185,194,171,-1
151,144,102,156,-1
136,67,133,167,-1
158,138,87,164,-1
60,102,134,165,-1
177,175,80,165,-1
149,136,129,164,-1
137,87,91,161,-1
155,139,91,164,-1
106,116,123,166,-1
112,102,53,162,-1
155,135,128,162,-1
133,97,151,168,-1
151,135,85,164,-1
44,56,140,165,-1
184,153,90,156,-1
175,128,139,163,-1
134,108,163,170,-1
153,129,93,165,-1
122,109,142,160,-1
187,152,81,163,-1
127,145,126,164,-1
105,41,16,160,-1
153,132,89,164,-1
135,113,147,164,-1
191,151,113,164,-1
179,133,119,163,-1
134,119,160,168,-1
148,130,82,167,-1
101,110,123,169,-1
190,148,112,163,-1
139,116,168,164,-1
132,152,51,158,-1
157,136,82,166,-1
98,116,120,167,-1
182,205,119,167,-1
137,130,84,162,-1
199,150,199,172,-1
149,187,202,172,-1
46,119,195,170,-1
167,148,163,168,-1
106,59,125,160,-1
144,124,40,159,-1
152,139,103,166,-1
97,112,128,167,-1
118,143,166,162,-1
150,72,110,157,-1
176,192,193,174,-1
156,171,107,160,-1
105,113,187,167,-1
167,148,205,169,-1
132,126,188,163,-1
154,6,9,155,-1
148,130,132,167,-1
116,112,130,164,-1
157,132,167,163,-1
107,66,116,156,-1
164,153,177,164,-1
149,17,102,165,-1
122,108,121,160,-1
160,137,132,163,-1
138,127,124,161,-1
147,118,148,164,-1
148,144,90,161,-1
126,104,124,163,-1
155,134,149,163,-1
92,31,129,160,-1
174,142,24,161,-1
149,143,119,168,-1
134,138,115,165,-1
111,105,95,163,-1
131,130,130,161,-1
179,169,185,164,-1
154,151,152,168,-1
127,126,117,163,-1
100,59,92,157,-1
133,127,132,163,-1
180,143,116,163,-1
111,41,119,167,-1
134,130,114,158,-1
154,132,77,171,-1
128,121,157,162,-1
183,137,123,163,-1
162,150,126,168,-1
134,140,117,163,-1
84,87,35,165,-1
131,121,157,158,-1
180,140,129,169,-1
154,182,192,175,-1
203,184,179,172,-1
148,131,77,169,-1
131,118,175,163,-1
161,144,116,163,-1
169,126,120,168,-1
130,122,141,164,-1
153,133,123,165,-1
137,119,166,161,-1
160,137,134,164,-1
182,71,112,164,-1
135,153,145,164,-1
203,185,196,167,-1
134,128,178,158,-1
179,138,134,163,-1
176,126,149,168,-1
139,145,143,164,-1
151,140,102,168,-1
141,122,142,161,-1
158,136,81,161,-1
182,148,176,169,-1
144,156,149,164,-1
147,141,103,168,-1
85,75,183,163,-1
190,116,49,161,-1
148,136,163,169,-1
133,167,163,163,-1
76,141,109,169,-1
139,137,189,160,-1
169,121,142,163,-1
150,132,124,165,-1
142,162,123,162,-1
152,150,104,170,-1
142,133,193,159,-1
170,115,145,167,-1
112,9,146,165,-1
139,166,179,163,-1
159,148,100,170,-1
163,136,193,159,-1
160,126,142,164,-1
142,143,143,165,-1
138,177,186,163,-1
154,151,112,169,-1
160,140,201,160,-1
122,108,105,157,-1
146,132,127,164,-1
141,171,182,163,-1
84,160,104,167,-1
196,102,148,151,-1
124,153,158,170,-1
148,136,216,165,-1
143,178,187,164,-1
80,28,60,158,-1
153,133,202,159,-1
166,115,146,167,-1
144,132,127,165,-1
153,159,151,164,-1
150,166,94,165,-1
119,80,202,161,-1
160,67,64,156,-1
204,194,213,173,-1
164,169,180,166,-1
153,154,105,166,-1
91,16,195,159,-1
161,99,158,168,-1
145,124,123,164,-1
144,148,118,169,-1
155,147,67,159,-1
171,137,200,158,-1
163,111,150,167,-1
114,132,123,164,-1
159,158,133,159,-1
153,170,111,168,-1
169,132,198,159,-1
117,47,150,165,-1
151,120,109,163,-1
157,178,176,163,-1
147,92,62,160,-1
178,163,197,159,-1
158,102,170,167,-1
114,77,116,164,-1
152,151,66,156,-1
164,171,101,166,-1
187,165,190,159,-1
166,98,152,167,-1
142,131,117,164,-1
159,154,194,163,-1
158,172,95,165,-1
81,84,169,166,-1
157,95,159,158,-1
155,123,79,164,-1
157,145,169,164,-1
126,171,70,164,-1
144,100,126,157,-1
159,111,161,166,-1
163,121,85,165,-1
121,114,169,165,-1
180,181,68,164,-1
186,149,120,169,-1
204,191,165,163,-1
117,72,82,166,-1
158,106,54,156,-1
194,171,75,165,-1
185,175,142,163,-1
110,128,159,167,-1
170,133,85,166,-1
151,147,169,167,-1
183,179,102,164,-1
191,173,230,170,-1
202,201,184,166,-1
204,194,197,171,-1
152,141,166,167,-1
181,168,78,164,-1
122,96,168,161,-1
149,127,173,161,-1
186,129,88,169,-1
160,144,170,164,-1
160,166,92,163,-1
189,170,142,162,-1
150,142,169,165,-1
175,129,85,168,-1
161,182,107,168,-1
149,141,127,158,-1
198,165,125,161,-1
0,122,160,165,-1
0,68,72,164,-1
11,220,78,167,-1
35,140,105,163,-1
55,175,118,162,-1
35,130,164,164,-1
63,137,93,167,-1
0,90,97,168,-1
51,136,114,167,-1
88,157,168,158,-1
62,126,150,163,-1
97,140,74,164,-1
9,90,149,170,-1
67,146,115,165,-1
92,138,135,160,-1
60,135,98,159,-1
89,146,103,166,-1
36,124,139,173,-1
0,83,63,167,-1
130,162,82,151,-1
90,124,155,164,-1
137,139,92,164,-1
42,83,166,170,-1
91,179,68,156,-1
147,183,184,171,-1
136,152,128,167,-1
111,128,83,167,-1
69,87,100,167,-1
87,136,104,169,-1
122,194,161,160,-1
85,119,149,163,-1
125,134,104,166,-1
66,127,143,169,-1
161,183,174,168,-1
124,192,168,164,-1
130,79,42,158,-1
124,123,72,163,-1
64,119,131,174,-1
83,127,49,163,-1
99,168,116,161,-1
45,65,97,159,-1
126,144,107,165,-1
58,121,126,169,-1
76,128,127,163,-1
114,191,172,157,-1
89,97,46,159,-1
138,168,123,168,-1
58,120,137,166,-1
75,128,148,163,-1
100,161,119,159,-1
100,120,121,165,-1
69,95,63,158,-1
59,122,131,169,-1
78,120,83,168,-1
92,139,117,167,-1
45,99,124,164,-1
129,107,52,160,-1
71,117,139,165,-1
77,119,114,163,-1
88,146,113,162,-1
94,122,133,164,-1
134,165,131,163,-1
27,86,134,165,-1
83,58,88,157,-1
91,146,117,163,-1
109,83,127,165,-1
99,166,114,162,-1
73,80,52,165,-1
76,132,148,163,-1
88,145,122,164,-1
118,107,118,163,-1
132,167,124,162,-1
100,161,176,171,-1
157,194,184,174,-1
34,80,182,169,-1
120,99,134,163,-1
120,173,143,162,-1
40,75,121,164,-1
82,154,103,164,-1
90,148,129,161,-1
71,70,82,163,-1
134,174,139,162,-1
57,130,136,167,-1
140,172,80,166,-1
104,141,74,157,-1
72,170,129,164,-1
148,190,187,172,-1
59,142,155,163,-1
81,72,127,163,-1
116,141,129,162,-1
47,162,47,159,-1
84,163,98,166,-1
63,149,129,161,-1
85,74,132,163,-1
136,176,130,162,-1
27,125,129,164,-1
107,164,148,163,-1
65,140,125,160,-1
28,23,124,164,-1
109,127,103,156,-1
45,174,130,166,-1
115,167,99,167,-1
20,101,119,159,-1
77,80,134,163,-1
111,157,129,162,-1
48,180,135,164,-1
59,166,77,163,-1
64,98,62,161,-1
77,81,132,165,-1
102,148,107,167,-1
47,160,155,163,-1
120,84,64,155,-1
60,144,177,159,-1
85,77,142,166,-1
78,140,109,161,-1
64,152,153,163,-1
128,176,92,163,-1
3,98,72,159,-1
84,93,149,154,-1
98,141,97,161,-1
57,133,152,159,-1
147,190,165,171,-1
92,197,189,171,-1
150,193,183,165,-1
98,148,90,163,-1
59,126,142,163,-1
130,185,78,162,-1
60,117,117,162,-1
88,105,133,164,-1
58,139,80,166,-1
26,110,39,159,-1
137,186,78,162,-1
82,142,149,163,-1
147,202,195,174,-1
93,152,185,170,-1
0,62,68,162,-1
136,162,74,162,-1
92,143,132,163,-1
83,124,133,154,-1
105,143,81,161,-1
56,120,126,166,-1
137,155,74,162,-1
84,137,139,162,-1
81,112,136,163,-1
61,42,82,164,-1
36,112,78,160,-1
111,142,94,163,-1
46,166,124,164,-1
82,120,132,164,-1
101,128,81,168,-1
43,107,135,168,-1
109,139,108,162,-1
22,103,124,163,-1
96,142,78,154,-1
97,120,98,166,-1
34,106,146,166,-1
67,92,103,162,-1
45,119,101,158,-1
87,145,171,163,-1
96,114,102,171,-1
0,38,146,171,-1
117,125,125,165,-1
68,156,138,163,-1
115,116,144,164,-1
64,26,99,170,-1
54,102,53,160,-1
119,130,102,164,-1
53,121,138,168,-1
105,144,148,163,-1
61,32,97,168,-1
161,180,203,173,-1
123,139,199,170,-1
162,174,135,163,-1
117,136,152,163,-1
63,36,94,167,-1
61,106,71,159,-1
127,133,139,163,-1
51,122,133,162,-1
114,143,151,163,-1
107,43,62,166,-1
59,104,152,166,-1
119,130,142,163,-1
51,131,145,164,-1
160,179,203,160,-1
108,131,135,170,-1
75,111,145,167,-1
78,91,115,163,-1
49,125,109,156,-1
130,140,156,163,-1
106,134,130,169,-1
28,105,161,165,-1
114,132,148,163,-1
51,123,149,162,-1
136,153,158,164,-1
106,130,82,162,-1
81,107,152,168,-1
113,132,164,162,-1
25,66,147,161,-1
136,137,85,155,-1
111,132,114,167,-1
92,130,146,165,-1
42,129,171,164,-1
70,65,73,153,-1
141,148,148,162,-1
118,144,107,166,-1
44,53,152,162,-1
69,1,118,154,-1
68,124,147,159,-1
142,139,202,162,-1
95,101,110,167,-1
91,72,51,156,-1
105,131,193,164,-1
66,113,148,160,-1
105,136,180,161,-1
126,126,109,166,-1
92,105,159,164,-1
101,131,188,165,-1
73,115,158,160,-1
97,111,149,155,-1
160,165,156,168,-1
94,147,151,162,-1
27,26,143,157,-1
52,117,171,162,-1
141,134,160,162,-1
105,137,167,167,-1
79,90,158,162,-1
114,133,193,164,-1
60,119,174,162,-1
129,61,82,156,-1
115,120,166,168,-1
95,138,159,163,-1
165,180,213,163,-1
50,119,191,163,-1
128,104,164,162,-1
71,152,127,162,-1
110,142,162,158,-1
108,131,130,167,-1
47,121,163,163,-1
97,108,144,162,-1
106,127,159,165,-1
105,157,146,162,-1
42,130,144,166,-1
0,60,74,158,-1
125,107,144,162,-1
115,121,158,164,-1
113,133,150,162,-1
76,63,146,159,-1
57,123,187,158,-1
129,117,150,162,-1
115,73,118,165,-1
120,152,152,162,-1
110,131,114,167,-1
55,121,180,159,-1
71,61,90,161,-1
105,116,167,160,-1
133,130,141,161,-1
35,129,102,164,-1
22,60,78,154,-1
122,95,131,164,-1
96,113,128,165,-1
116,109,128,162,-1
94,125,104,167,-1
70,116,176,157,-1
115,90,119,166,-1
100,111,160,163,-1
116,143,90,161,-1
111,143,58,159,-1
168,171,184,167,-1
118,51,125,166,-1
99,61,55,159,-1
143,128,130,162,-1
110,147,86,165,-1
85,116,176,157,-1
122,89,125,170,-1
101,108,167,164,-1
138,119,68,163,-1
119,152,98,164,-1
80,114,177,158,-1
119,91,123,169,-1
164,180,191,166,-1
141,130,148,162,-1
115,145,93,167,-1
25,77,174,159,-1
114,90,129,167,-1
46,0,96,159,-1
147,165,140,162,-1
39,95,43,160,-1
95,197,183,158,-1
114,134,136,167,-1
54,105,112,162,-1
154,124,63,153,-1
138,178,96,165,-1
92,211,181,158,-1
106,133,157,169,-1
104,165,73,157,-1
156,101,178,162,-1
96,134,101,160,-1
100,195,190,158,-1
114,136,147,167,-1
49,105,103,163,-1
155,111,72,153,-1
146,204,100,167,-1
92,208,180,158,-1
113,139,139,167,-1
100,164,113,163,-1
158,144,186,163,-1
140,187,99,164,-1
97,208,79,149,-1
113,137,159,167,-1
103,162,109,165,-1
131,76,173,162,-1
145,170,56,159,-1
103,207,192,159,-1
112,133,170,167,-1
101,158,114,162,-1
171,216,189,167,-1
138,180,95,165,-1
98,212,189,158,-1
70,72,112,158,-1
103,165,105,163,-1
158,137,174,162,-1
144,173,96,165,-1
99,197,89,157,-1
116,130,152,159,-1
104,160,108,162,-1
158,144,177,162,-1
113,163,103,168,-1
164,230,203,169,-1
113,134,164,167,-1
48,52,113,160,-1
139,133,97,156,-1
110,168,107,164,-1
102,210,192,157,-1
112,142,177,164,-1
124,169,117,163,-1
137,127,198,166,-1
47,154,116,171,-1
104,219,173,159,-1
110,142,165,167,-1
114,169,117,163,-1
133,130,192,167,-1
102,165,119,163,-1
102,216,181,161,-1
104,151,0,167,-1
70,62,0,159,-1
133,123,59,163,-1
108,140,119,164,-1
138,161,38,162,-1
131,130,131,166,-1
102,162,49,163,-1
46,201,65,157,-1
107,155,110,161,-1
150,176,43,163,-1
119,116,86,171,-1
42,164,69,163,-1
107,233,48,163,-1
109,156,107,165,-1
141,149,21,159,-1
119,119,96,167,-1
106,158,77,168,-1
130,234,105,156,-1
106,154,116,163,-1
78,127,72,159,-1
167,227,125,167,-1
20,163,68,162,-1
122,232,19,150,-1
128,158,112,163,-1
152,206,32,162,-1
76,84,98,168,-1
52,90,11,162,-1
113,189,88,162,-1
121,142,117,164,-1
102,171,30,163,-1
119,113,94,167,-1
2,23,14,162,-1
173,227,134,169,-1
125,135,108,164,-1
157,169,22,165,-1
121,116,90,167,-1
98,108,65,165,-1
110,240,132,155,-1
111,160,86,164,-1
142,173,23,163,-1
127,125,94,168,-1
32,165,51,163,-1
111,228,41,157,-1
110,164,102,163,-1
128,168,16,164,-1
80,81,15,162,-1
108,167,58,167,-1
112,210,82,161,-1
108,152,98,164,-1
140,182,15,165,-1
125,123,79,169,-1
101,161,0,159,-1
103,199,67,165,-1
118,152,100,164,-1
92,194,17,162,-1
120,80,0,162,-1
98,164,79,165,-1
112,184,91,161,-1
60,123,126,164,-1
154,189,10,160,-1
116,136,100,165,-1
96,160,81,166,-1
81,141,93,161,-1
118,133,124,165,-1
64,59,0,160,-1
116,130,119,166,-1
88,167,120,161,-1
76,217,45,163,-1
170,227,159,161,-1
158,210,98,164,-1
77,58,114,167,-1
77,164,64,162,-1
113,180,104,162,-1
105,114,124,164,-1
161,208,58,163,-1
60,104,55,165,-1
82,165,111,165,-1
120,182,103,162,-1
112,132,146,165,-1
130,199,88,163,-1
169,230,172,174,-1
78,162,113,162,-1
121,182,115,163,-1
116,141,135,164,-1
152,215,74,162,-1
129,110,118,165,-1
92,178,138,161,-1
116,190,119,162,-1
59,24,79,157,-1
156,207,75,163,-1
118,108,125,165,-1
84,165,126,160,-1
93,131,80,161,-1
123,62,122,163,-1
152,208,82,157,-1
117,123,126,164,-1
82,171,125,160,-1
76,136,69,148,-1
107,78,130,163,-1
156,248,100,157,-1
78,148,118,164,-1
114,144,81,162,-1
78,182,94,161,-1
111,73,120,163,-1
127,204,115,159,-1
117,121,127,164,-1
88,156,109,160,-1
83,175,77,161,-1
105,70,119,164,-1
133,184,133,162,-1
86,164,105,163,-1
101,176,130,164,-1
73,174,95,159,-1
96,70,120,164,-1
125,178,130,161,-1
102,105,112,164,-1
175,225,169,163,-1
78,179,87,159,-1
98,62,118,166,-1
132,181,144,157,-1
98,160,129,164,-1
117,200,89,161,-1
78,175,103,162,-1
96,0,117,163,-1
133,0,56,161,-1
116,0,134,164,-1
100,112,140,161,-1
80,91,100,161,-1
168,140,182,170,-1
132,92,138,157,-1
118,30,135,164,-1
91,0,93,162,-1
79,115,94,163,-1
57,9,120,166,-1
120,100,71,156,-1
131,14,126,164,-1
107,133,172,164,-1
80,109,88,161,-1
104,25,125,164,-1
132,122,121,157,-1
96,58,129,163,-1
147,81,122,163,-1
84,115,88,161,-1
102,35,128,165,-1
117,114,139,158,-1
100,44,125,163,-1
132,147,83,160,-1
92,115,101,162,-1
99,38,123,163,-1
123,110,162,157,-1
134,38,126,163,-1
112,41,58,164,-1
86,111,90,162,-1
101,29,119,165,-1
120,111,118,158,-1
101,30,121,163,-1
129,137,70,156,-1
103,109,93,161,-1
101,51,104,166,-1
112,108,107,155,-1
147,25,119,163,-1
129,145,55,162,-1
95,109,75,161,-1
105,52,104,164,-1
179,161,156,166,-1
134,1,112,164,-1
123,144,59,159,-1
103,107,84,162,-1
84,13,101,166,-1
124,69,52,156,-1
115,19,109,164,-1
123,145,54,159,-1
101,106,77,162,-1
107,51,104,158,-1
123,106,97,158,-1
112,8,135,164,-1
172,164,178,171,-1
72,139,107,161,-1
120,74,103,163,-1
72,107,105,164,-1
84,0,81,164,-1
101,131,46,163,-1
73,156,109,161,-1
120,117,99,163,-1
77,73,106,161,-1
79,0,114,169,-1
114,104,47,158,-1
61,126,64,162,-1
133,84,102,163,-1
110,130,106,160,-1
80,0,48,161,-1
95,139,53,163,-1
62,127,70,161,-1
145,122,100,162,-1
116,124,104,156,-1
111,68,9,167,-1
98,134,46,159,-1
76,126,79,160,-1
154,108,136,162,-1
56,28,96,159,-1
108,55,136,165,-1
99,135,53,162,-1
71,125,73,159,-1
149,109,142,162,-1
120,121,114,162,-1
107,50,142,166,-1
110,133,64,159,-1
75,121,101,151,-1
151,141,123,162,-1
129,121,112,161,-1
81,36,12,160,-1
118,127,75,164,-1
169,175,169,168,-1
147,129,90,157,-1
137,129,104,162,-1
110,71,106,163,-1
115,114,105,168,-1
80,112,67,158,-1
143,123,137,161,-1
100,37,93,159,-1
106,121,111,162,-1
116,125,109,166,-1
79,112,113,163,-1
147,127,147,162,-1
177,170,190,168,-1
113,125,123,162,-1
123,117,116,166,-1
68,105,119,162,-1
121,124,148,162,-1
140,57,118,159,-1
110,131,130,164,-1
115,121,136,166,-1
70,111,121,162,-1
152,121,113,162,-1
113,150,135,162,-1
91,136,48,163,-1
111,123,173,163,-1
56,109,139,163,-1
134,119,125,163,-1
126,55,142,162,-1
88,42,152,163,-1
114,119,145,165,-1
58,105,143,160,-1
136,113,109,165,-1
84,48,182,160,-1
126,131,65,157,-1
112,117,176,167,-1
59,109,144,163,-1
126,124,128,162,-1
113,102,176,160,-1
121,133,132,164,-1
124,113,153,167,-1
5,34,106,156,-1
132,108,50,156,-1
116,92,176,161,-1
151,120,132,162,-1
55,101,151,167,-1
81,43,49,154,-1
126,110,86,170,-1
108,93,182,161,-1
174,169,199,172,-1
116,109,112,167,-1
90,89,136,158,-1
130,112,82,170,-1
104,95,183,162,-1
134,119,77,162,-1
123,124,119,163,-1
97,97,142,158,-1
127,106,83,168,-1
68,44,177,161,-1
152,105,65,152,-1
129,137,91,165,-1
174,161,196,172,-1
35,61,47,163,-1
113,100,177,162,-1
137,73,126,163,-1
101,86,68,163,-1
101,136,175,160,-1
118,103,82,168,-1
63,0,171,161,-1
155,96,48,155,-1
138,152,75,164,-1
99,162,161,161,-1
122,123,68,170,-1
66,50,140,159,-1
159,55,39,165,-1
145,148,82,164,-1
34,116,99,162,-1
118,136,54,163,-1
106,109,105,162,-1
163,80,121,164,-1
77,132,53,161,-1
107,148,35,153,-1
127,113,35,167,-1
107,120,104,155,-1
133,18,124,165,-1
152,101,45,165,-1
89,96,80,157,-1
119,135,74,170,-1
106,79,128,158,-1
164,39,142,162,-1
30,0,12,157,-1
106,128,131,158,-1
127,98,47,164,-1
112,118,83,149,-1
164,62,100,156,-1
157,98,8,156,-1
105,145,34,143,-1
184,184,105,160,-1
186,175,34,148,-1
175,67,36,151,-1
126,133,28,154,-1
118,98,49,148,-1
162,72,76,156,-1
123,119,13,157,-1
118,152,55,154,-1
124,126,42,154,-1
111,123,66,148,-1
122,72,0,161,-1
123,146,57,154,-1
183,229,139,160,-1
140,95,126,156,-1
112,154,60,153,-1
112,180,138,154,-1
123,146,65,159,-1
76,80,134,151,-1
141,63,42,159,-1
112,139,70,162,-1
102,185,157,153,-1
120,171,73,159,-1
67,46,93,156,-1
139,96,141,160,-1
106,139,84,164,-1
133,204,183,152,-1
54,166,86,159,-1
141,33,109,151,-1
139,106,184,163,-1
104,138,92,164,-1
112,183,188,154,-1
118,162,117,163,-1
146,143,163,154,-1
88,102,189,163,-1
64,88,40,157,-1
118,192,195,155,-1
117,156,142,161,-1
112,185,159,156,-1
75,62,145,164,-1
106,152,69,157,-1
116,151,157,159,-1
133,141,151,160,-1
157,166,113,146,-1
122,109,163,165,-1
117,161,118,160,-1
94,136,181,156,-1
114,145,127,154,-1
154,180,161,156,-1
121,171,211,162,-1
175,206,222,169,-1
89,152,157,160,-1
109,144,122,163,-1
140,187,156,157,-1
126,137,175,161,-1
109,161,170,165,-1
48,143,157,159,-1
59,60,85,152,-1
133,185,157,156,-1
128,133,165,162,-1
62,204,122,161,-1
124,217,210,173,-1
106,144,156,161,-1
130,179,143,156,-1
122,138,157,162,-1
120,182,135,162,-1
86,150,139,161,-1
41,141,100,164,-1
129,93,86,154,-1
151,188,154,162,-1
161,189,155,165,-1
50,142,137,163,-1
64,57,38,156,-1
118,152,184,160,-1
158,82,147,162,-1
163,193,165,165,-1
97,147,148,161,-1
109,164,105,164,-1
91,71,147,160,-1
148,105,129,157,-1
162,186,172,162,-1
102,152,151,164,-1
56,166,85,166,-1
86,68,97,158,-1
117,72,134,169,-1
156,195,89,161,-1
110,151,122,163,-1
110,167,87,162,-1
115,153,133,161,-1
152,100,135,162,-1
161,191,152,164,-1
0,167,147,163,-1
0,85,79,166,-1
80,116,76,156,-1
79,72,131,167,-1
122,162,80,162,-1
17,139,132,163,-1
72,179,82,169,-1
137,219,188,175,-1
82,79,127,166,-1
117,167,94,163,-1
45,150,126,164,-1
68,176,70,163,-1
79,148,143,162,-1
84,81,135,160,-1
93,158,77,164,-1
46,174,129,164,-1
14,165,168,168,-1
76,152,141,161,-1
131,201,194,170,-1
99,166,87,163,-1
47,160,134,164,-1
74,179,85,167,-1
44,63,148,163,-1
78,31,21,162,-1
87,160,86,165,-1
34,161,166,163,-1
19,227,187,170,-1
90,68,75,158,-1
77,74,147,164,-1
101,165,104,163,-1
42,145,34,159,-1
121,234,141,163,-1
75,149,147,164,-1
17,37,119,166,-1
86,159,93,159,-1
70,167,142,164,-1
109,224,137,168,-1
64,39,130,162,-1
76,123,64,158,-1
85,154,106,169,-1
56,136,141,163,-1
67,154,95,162,-1
104,155,149,162,-1
67,113,185,166,-1
89,152,93,162,-1
0,162,93,160,-1
133,170,124,153,-1
122,157,148,163,-1
80,110,185,166,-1
70,108,98,165,-1
75,85,20,160,-1
134,249,91,162,-1
119,151,146,162,-1
87,110,174,167,-1
101,154,95,167,-1
153,207,211,172,-1
135,169,109,161,-1
125,148,144,162,-1
32,46,135,165,-1
95,155,84,160,-1
72,130,147,163,-1
131,167,121,161,-1
115,156,151,161,-1
86,131,157,163,-1
98,151,103,163,-1
78,138,149,163,-1
115,210,214,171,-1
120,150,150,162,-1
50,111,168,164,-1
97,75,82,162,-1
73,145,157,162,-1
136,169,100,161,-1
41,28,124,161,-1
87,109,186,166,-1
99,161,95,163,-1
71,138,152,163,-1
133,181,103,161,-1
114,154,152,162,-1
87,116,183,166,-1
61,151,98,162,-1
33,90,55,156,-1
134,163,130,162,-1
125,151,151,162,-1
37,102,159,165,-1
98,153,95,165,-1
77,145,170,163,-1
136,160,116,162,-1
123,150,147,162,-1
43,49,75,156,-1
97,155,98,166,-1
0,89,59,162,-1
161,165,133,155,-1
145,148,144,162,-1
109,132,189,164,-1
82,106,103,163,-1
67,135,145,163,-1
150,163,148,162,-1
116,174,149,162,-1
87,82,48,153,-1
114,156,121,167,-1
54,138,148,164,-1
137,157,146,162,-1
85,111,152,162,-1
169,213,217,173,-1
115,159,135,166,-1
59,135,142,166,-1
79,61,76,161,-1
108,142,146,159,-1
125,166,170,163,-1
64,66,129,164,-1
69,141,80,150,-1
136,158,134,161,-1
107,142,144,160,-1
132,164,191,164,-1
78,216,207,173,-1
81,139,139,165,-1
118,155,174,162,-1
106,136,138,159,-1
118,167,147,162,-1
41,47,61,163,-1
78,136,130,164,-1
126,155,169,163,-1
72,5,125,159,-1
141,168,56,162,-1
113,158,123,166,-1
80,139,73,155,-1
121,155,119,166,-1
98,139,130,159,-1
148,163,144,162,-1
111,156,120,166,-1
79,140,122,163,-1
119,157,168,162,-1
89,97,86,164,-1
151,175,94,157,-1
114,179,158,166,-1
105,141,125,162,-1
92,153,101,166,-1
102,136,172,160,-1
159,150,135,161,-1
134,175,131,167,-1
100,172,124,161,-1
118,154,96,167,-1
99,140,180,161,-1
152,130,127,162,-1
146,154,161,167,-1
55,124,113,166,-1
118,156,107,166,-1
104,139,189,162,-1
131,191,172,167,-1
154,93,99,164,-1
107,169,140,162,-1
169,209,210,168,-1
107,31,183,158,-1
153,127,82,156,-1
103,174,163,167,-1
78,143,78,160,-1
113,157,105,168,-1
102,141,201,159,-1
122,126,142,162,-1
120,94,124,163,-1
108,176,146,162,-1
34,62,58,158,-1
117,212,213,168,-1
166,153,151,162,-1
122,152,186,167,-1
106,182,150,162,-1
114,158,99,168,-1
110,142,200,158,-1
97,89,117,156,-1
107,148,123,163,-1
113,184,147,162,-1
115,171,101,168,-1
71,81,206,159,-1
136,120,151,163,-1
106,149,123,164,-1
125,182,157,158,-1
113,168,96,165,-1
129,137,206,157,-1
93,70,149,165,-1
103,97,54,164,-1
124,199,153,163,-1
115,170,98,164,-1
16,33,153,157,-1
134,108,164,158,-1
103,148,98,165,-1
150,192,182,167,-1
109,176,98,164,-1
120,134,202,158,-1
129,102,172,167,-1
70,34,113,163,-1
127,217,114,162,-1
114,182,103,164,-1
140,169,197,160,-1
77,61,108,167,-1
125,146,68,159,-1
118,165,194,163,-1
125,180,100,165,-1
80,101,201,161,-1
77,73,164,167,-1
177,207,221,170,-1
122,162,193,164,-1
55,132,96,165,-1
153,132,143,152,-1
120,115,188,167,-1
132,146,101,164,-1
109,162,195,162,-1
138,179,108,164,-1
152,158,200,159,-1
124,120,198,166,-1
131,144,112,166,-1
97,262,226,169,-1
93,184,113,164,-1
123,108,212,165,-1
125,130,199,167,-1
146,151,107,166,-1
89,159,202,162,-1
70,116,88,159,-1
157,179,166,163,-1
119,129,207,168,-1
140,32,99,166,-1
121,162,204,162,-1
127,178,132,164,-1
150,158,177,160,-1
129,95,125,159,-1
144,142,116,165,-1
119,156,197,164,-1
18,173,157,163,-1
155,164,145,157,-1
123,132,212,165,-1
137,153,108,166,-1
61,115,109,157,-1
112,154,147,164,-1
133,179,130,151,-1
125,135,202,167,-1
134,153,108,164,-1
49,104,179,167,-1
114,98,116,156,-1
138,181,164,159,-1
123,143,203,164,-1
89,116,108,164,-1
87,150,193,166,-1
108,147,135,163,-1
133,141,141,164,-1
122,139,197,164,-1
140,172,110,164,-1
46,100,170,168,-1
103,91,103,155,-1
177,205,214,169,-1
125,138,193,164,-1
139,183,128,166,-1
44,114,84,166,-1
96,146,169,163,-1
127,183,158,158,-1
120,135,192,164,-1
90,56,103,163,-1
85,155,169,168,-1
38,87,99,163,-1
128,180,111,152,-1
121,177,213,171,-1
92,113,106,163,-1
82,150,130,161,-1
97,145,180,163,-1
155,216,192,168,-1
107,162,191,166,-1
149,112,46,163,-1
36,153,163,164,-1
56,71,120,155,-1
122,161,165,159,-1
122,136,174,164,-1
98,173,150,162,-1
81,114,120,161,-1
98,145,133,163,-1
133,160,161,160,-1
123,133,198,164,-1
144,169,110,164,-1
82,154,160,167,-1
0,87,113,159,-1
118,157,168,156,-1
135,93,167,163,-1
150,194,155,163,-1
85,145,202,167,-1
57,142,173,164,-1
116,159,94,150,-1
138,85,164,164,-1
154,192,149,164,-1
43,104,167,164,-1
105,151,131,163,-1
114,159,168,161,-1
139,114,190,164,-1
124,169,144,164,-1
98,152,132,160,-1
107,143,125,163,-1
118,154,163,164,-1
94,84,155,159,-1
163,193,158,166,-1
126,211,194,167,-1
107,145,182,163,-1
60,121,167,161,-1
145,137,193,164,-1
126,125,59,159,-1
99,150,184,165,-1
107,157,165,163,-1
122,146,171,161,-1
150,128,152,158,-1
156,192,183,162,-1
92,149,185,167,-1
97,198,143,163,-1
124,152,176,167,-1
127,142,169,164,-1
131,207,234,171,-1
44,153,176,164,-1
99,42,79,155,-1
100,151,183,161,-1
122,80,165,164,-1
148,195,126,167,-1
83,130,64,159,-1
105,174,161,163,-1
93,155,179,161,-1
120,84,162,165,-1
160,191,192,162,-1
76,161,173,164,-1
117,181,134,165,-1
53,109,144,159,-1
113,77,138,157,-1
137,173,177,163,-1
74,186,178,164,-1
77,183,131,164,-1
22,104,55,158,-1
113,78,181,163,-1
135,164,188,162,-1
75,123,178,163,-1
75,177,133,165,-1
18,100,84,158,-1
111,80,180,163,-1
132,164,138,162,-1
55,171,177,163,-1
141,178,116,156,-1
71,152,189,162,-1
115,81,170,164,-1
126,167,172,162,-1
68,147,178,164,-1
134,175,134,163,-1
6,102,85,161,-1
112,84,0,155,-1
177,207,56,168,-1
111,95,1,163,-1
148,112,0,158,-1
81,148,42,162,-1
114,77,39,164,-1
128,120,0,162,-1
72,143,35,163,-1
145,179,0,165,-1
85,150,34,163,-1
111,82,39,163,-1
107,105,12,161,-1
80,100,0,156,-1
138,208,187,169,-1
176,208,180,168,-1
111,105,135,166,-1
87,64,51,161,-1
97,143,86,155,-1
156,168,70,161,-1
112,145,135,161,-1
94,115,126,165,-1
124,157,84,158,-1
70,136,119,164,-1
154,167,67,162,-1
56,152,125,160,-1
114,136,62,153,-1
116,153,62,165,-1
77,134,118,163,-1
121,152,92,162,-1
61,87,50,158,-1
154,169,121,162,-1
120,156,62,170,-1
100,136,107,166,-1
119,155,117,164,-1
40,82,63,159,-1
154,169,78,156,-1
118,152,60,168,-1
94,133,105,163,-1
81,108,48,158,-1
66,139,105,155,-1
156,190,144,163,-1
116,150,66,167,-1
69,136,74,160,-1
124,152,104,163,-1
60,133,100,159,-1
155,172,141,162,-1
75,84,44,166,-1
94,127,60,161,-1
123,153,110,163,-1
172,202,174,174,-1
177,199,90,160,-1
121,168,81,163,-1
96,137,97,166,-1
126,154,99,164,-1
0,138,98,160,-1
164,163,90,162,-1
138,154,76,167,-1
56,136,91,162,-1
89,89,86,156,-1
94,137,95,159,-1
166,154,106,162,-1
94,81,39,166,-1
109,190,86,161,-1
126,151,131,166,-1
103,150,167,169,-1
172,154,108,162,-1
69,78,42,166,-1
114,177,104,160,-1
119,158,136,163,-1
34,71,87,156,-1
167,153,117,162,-1
159,177,89,167,-1
115,167,105,162,-1
48,153,115,166,-1
113,132,106,160,-1
174,123,97,164,-1
137,189,109,166,-1
97,132,23,157,-1
121,159,77,168,-1
62,141,108,160,-1
115,90,107,163,-1
117,146,71,163,-1
122,180,100,162,-1
125,156,93,167,-1
30,81,141,159,-1
152,137,107,163,-1
116,150,135,168,-1
156,185,111,162,-1
65,56,51,157,-1
87,137,150,162,-1
139,108,107,165,-1
114,146,94,164,-1
161,124,143,168,-1
121,141,30,158,-1
98,170,159,158,-1
141,106,105,169,-1
110,146,119,164,-1
157,158,114,161,-1
124,184,69,168,-1
120,150,154,153,-1
139,106,121,159,-1
115,143,74,164,-1
166,160,118,161,-1
101,129,87,154,-1
104,168,165,158,-1
135,105,111,167,-1
112,147,77,162,-1
162,120,160,162,-1
153,180,76,166,-1
111,175,165,158,-1
130,65,121,167,-1
61,51,188,169,-1
177,203,124,167,-1
179,147,79,158,-1
118,171,145,157,-1
134,64,61,161,-1
119,149,70,163,-1
153,121,163,162,-1
43,134,75,163,-1
114,187,151,157,-1
129,110,144,167,-1
115,148,47,158,-1
143,122,170,165,-1
118,0,80,163,-1
122,31,138,157,-1
134,0,146,168,-1
50,0,39,160,-1
142,109,169,161,-1
113,131,74,163,-1
120,178,161,157,-1
131,107,158,168,-1
122,136,81,162,-1
143,108,177,166,-1
91,131,63,164,-1
126,180,152,160,-1
111,54,89,159,-1
142,153,81,163,-1
137,105,133,167,-1
115,132,98,163,-1
133,146,112,161,-1
134,79,111,157,-1
157,156,75,162,-1
137,108,153,167,-1
112,79,55,159,-1
126,179,143,158,-1
137,126,150,164,-1
106,150,65,160,-1
132,107,99,168,-1
184,200,165,162,-1
119,145,128,162,-1
129,111,158,163,-1
105,162,69,163,-1
129,99,135,167,-1
110,133,98,163,-1
121,141,120,161,-1
136,110,155,164,-1
118,151,61,160,-1
127,131,43,158,-1
98,134,109,162,-1
132,144,119,162,-1
132,116,155,163,-1
191,201,177,171,-1
86,62,77,167,-1
90,133,131,162,-1
132,146,119,161,-1
138,77,128,163,-1
93,107,33,161,-1
130,100,118,165,-1
90,126,114,160,-1
124,144,114,161,-1
112,76,150,164,-1
176,135,32,162,-1
131,77,116,165,-1
92,131,108,160,-1
132,146,97,162,-1
162,100,148,165,-1
146,157,95,161,-1
86,84,32,157,-1
91,141,123,160,-1
108,141,94,162,-1
66,75,121,164,-1
173,154,38,163,-1
131,94,121,164,-1
95,148,132,160,-1
60,137,104,161,-1
123,30,115,165,-1
163,199,122,175,-1
130,93,95,158,-1
99,157,129,160,-1
102,93,95,154,-1
120,30,111,165,-1
152,156,125,159,-1
118,179,129,165,-1
140,81,89,162,-1
90,138,89,163,-1
187,197,168,166,-1
167,222,152,170,-1
130,94,126,164,-1
107,169,146,161,-1
93,140,93,159,-1
120,28,126,164,-1
152,160,115,163,-1
121,154,161,168,-1
117,172,121,160,-1
87,136,110,161,-1
124,32,141,164,-1
142,155,124,160,-1
130,89,126,164,-1
106,162,146,160,-1
138,139,109,159,-1
74,47,177,169,-1
190,189,61,157,-1
142,78,133,164,-1
101,31,120,162,-1
94,147,96,160,-1
128,33,124,164,-1
148,159,61,163,-1
146,81,119,165,-1
129,186,80,161,-1
48,92,125,161,-1
127,24,100,160,-1
149,156,129,158,-1
150,61,130,164,-1
163,189,100,164,-1
45,103,55,159,-1
129,40,138,160,-1
143,155,152,158,-1
152,106,161,163,-1
112,186,148,159,-1
105,148,135,160,-1
120,41,184,161,-1
134,151,176,157,-1
73,78,98,161,-1
133,192,149,161,-1
104,145,156,160,-1
107,105,200,161,-1
130,71,145,155,-1
152,56,201,160,-1
125,187,182,157,-1
61,97,260,159,-1
119,72,206,162,-1
130,163,184,163,-1
139,60,208,162,-1
124,148,77,160,-1
128,169,158,157,-1
183,207,262,167,-1
129,154,197,168,-1
132,69,208,162,-1
127,237,190,160,-1
116,113,99,156,-1
113,110,199,163,-1
129,172,213,165,-1
130,73,186,162,-1
133,207,224,160,-1
29,168,141,159,-1
121,107,186,156,-1
128,168,177,158,-1
115,66,182,163,-1
135,180,132,158,-1
47,151,88,165,-1
182,222,229,161,-1
126,164,181,159,-1
109,67,190,163,-1
104,169,133,161,-1
76,161,146,168,-1
145,128,177,164,-1
117,155,182,155,-1
106,71,196,163,-1
78,116,125,158,-1
62,182,166,160,-1
147,125,171,163,-1
120,149,168,158,-1
92,94,189,163,-1
88,106,114,156,-1
65,140,141,162,-1
151,130,160,165,-1
123,142,161,155,-1
89,26,92,161,-1
108,152,105,162,-1
67,139,138,162,-1
156,145,159,163,-1
70,153,163,161,-1
90,56,96,160,-1
100,152,113,161,-1
85,136,146,162,-1
154,136,170,165,-1
119,151,157,157,-1
115,63,68,160,-1
124,151,121,162,-1
89,132,151,162,-1
160,153,172,166,-1
126,154,164,162,-1
179,206,237,168,-1
166,113,171,169,-1
92,142,74,152,-1
165,124,220,166,-1
129,169,166,162,-1
106,57,205,162,-1
115,152,146,162,-1
90,142,149,163,-1
140,123,157,159,-1
148,150,164,161,-1
109,170,219,162,-1
79,153,166,161,-1
16,88,106,156,-1
164,157,175,162,-1
110,152,177,162,-1
175,212,253,166,-1
118,156,193,161,-1
56,132,203,167,-1
90,112,150,156,-1
108,149,191,160,-1
125,184,209,163,-1
117,164,189,165,-1
7,91,164,161,-1
141,161,194,154,-1
107,153,219,162,-1
142,177,241,163,-1
111,154,185,162,-1
70,141,150,158,-1
134,151,158,162,-1
111,150,203,162,-1
109,141,166,164,-1
114,174,153,161,-1
98,137,175,159,-1
120,143,134,162,-1
53,150,215,159,-1
157,156,144,160,-1
141,170,193,165,-1
99,166,197,159,-1
123,149,150,164,-1
104,151,282,159,-1
163,166,192,162,-1
146,183,232,164,-1
103,169,238,163,-1
31,111,107,163,-1
104,150,204,153,-1
159,143,189,162,-1
118,154,153,168,-1
8,122,143,161,-1
124,151,146,163,-1
98,150,243,160,-1
143,127,183,167,-1
28,84,169,164,-1
105,199,214,158,-1
127,175,142,165,-1
50,105,273,165,-1
141,107,94,155,-1
110,166,169,167,-1
117,211,190,163,-1
81,190,194,165,-1
124,174,226,160,-1
138,148,168,162,-1
108,133,85,163,-1
148,215,164,161,-1
82,213,123,167,-1
87,99,198,162,-1
127,198,200,161,-1
181,245,247,169,-1
128,224,223,158,-1
124,269,126,163,-1
101,185,212,164,-1
122,149,187,161,-1
106,177,121,164,-1
122,202,224,157,-1
126,200,124,167,-1
155,150,205,164,-1
79,142,220,165,-1
72,123,98,159,-1
129,218,223,161,-1
154,181,170,167,-1
143,191,224,160,-1
121,107,107,154,-1
107,170,117,163,-1
123,189,283,159,-1
110,121,172,170,-1
114,112,151,157,-1
122,143,217,160,-1
101,177,121,163,-1
128,190,197,161,-1
81,174,121,168,-1
146,168,141,159,-1
122,153,225,167,-1
102,176,120,163,-1
113,255,141,167,-1
128,168,157,167,-1
155,225,184,157,-1
122,153,219,167,-1
106,174,171,171,-1
122,189,237,161,-1
32,222,252,169,-1
165,220,226,163,-1
132,159,131,159,-1
107,194,132,163,-1
102,195,242,161,-1
91,174,182,172,-1
162,220,229,164,-1
120,146,218,167,-1
0,180,126,164,-1
0,186,194,161,-1
0,99,105,161,-1
98,219,162,159,-1
85,165,192,166,-1
80,185,90,164,-1
25,131,146,161,-1
137,234,178,170,-1
85,130,206,171,-1
83,148,120,164,-1
75,167,74,162,-1
69,120,76,161,-1
74,136,115,163,-1
63,138,58,154,-1
81,138,90,163,-1
91,172,60,164,-1
58,152,75,162,-1
77,133,97,163,-1
110,160,25,155,-1
84,136,84,164,-1
98,155,63,165,-1
62,144,78,163,-1
33,49,102,164,-1
102,163,76,163,-1
82,118,77,165,-1
35,118,17,162,-1
54,132,39,160,-1
80,111,37,168,-1
101,148,89,162,-1
44,69,58,165,-1
107,135,25,160,-1
57,111,92,164,-1
76,112,33,171,-1
104,102,31,156,-1
62,68,15,165,-1
112,117,79,168,-1
60,120,85,166,-1
7,15,0,161,-1
95,127,83,164,-1
97,65,76,162,-1
149,174,21,155,-1
151,202,125,167,-1
92,116,10,161,-1
86,139,79,160,-1
84,120,0,162,-1
128,174,123,161,-1
67,138,106,162,-1
85,130,78,165,-1
76,95,127,163,-1
115,105,47,160,-1
132,199,160,167,-1
73,156,138,162,-1
0,107,94,166,-1
95,172,154,164,-1
128,132,155,167,-1
135,209,156,171,-1
128,164,161,170,-1
0,206,215,172,-1
97,187,159,165,-1
131,155,239,171,-1
134,216,191,172,-1
84,227,191,169,-1
14,79,91,160,-1
96,180,173,166,-1
108,133,170,166,-1
135,216,170,172,-1
88,134,199,168,-1
91,196,118,167,-1
96,184,168,164,-1
95,108,146,165,-1
130,214,172,169,-1
58,172,162,161,-1
1,169,75,168,-1
95,184,119,156,-1
90,111,147,165,-1
127,214,168,169,-1
76,166,154,164,-1
88,190,111,166,-1
85,187,183,164,-1
28,60,129,156,-1
100,193,107,166,-1
41,202,139,165,-1
108,212,89,166,-1
86,191,110,159,-1
86,113,139,165,-1
105,194,87,165,-1
0,189,155,168,-1
105,259,149,170,-1
155,245,191,172,-1
42,77,135,171,-1
103,196,76,165,-1
72,223,138,165,-1
122,259,127,171,-1
93,187,171,165,-1
43,125,146,166,-1
115,153,36,160,-1
48,201,137,166,-1
127,239,112,169,-1
92,188,176,164,-1
92,118,139,166,-1
106,197,105,165,-1
0,167,140,170,-1
138,237,48,166,-1
94,191,134,161,-1
92,138,203,172,-1
163,241,198,171,-1
73,166,172,165,-1
146,220,81,167,-1
42,68,86,162,-1
99,135,148,166,-1
106,192,77,165,-1
78,191,144,165,-1
147,225,85,170,-1
117,187,134,164,-1
45,144,140,169,-1
105,191,82,165,-1
83,178,167,165,-1
99,221,92,169,-1
130,106,70,162,-1
99,144,153,166,-1
107,189,96,165,-1
32,105,195,166,-1
147,196,101,165,-1
132,144,137,162,-1
99,157,156,167,-1
104,187,97,165,-1
0,167,191,165,-1
137,154,154,163,-1
151,230,173,167,-1
104,151,167,167,-1
120,182,108,165,-1
104,166,196,166,-1
162,251,128,171,-1
118,207,200,169,-1
56,131,159,171,-1
118,181,114,159,-1
67,235,217,168,-1
163,186,126,171,-1
181,237,212,163,-1
115,187,173,162,-1
121,181,112,165,-1
67,160,173,166,-1
146,186,144,166,-1
130,193,165,164,-1
115,188,180,167,-1
118,178,111,165,-1
62,154,172,166,-1
131,228,80,166,-1
110,205,178,161,-1
115,175,194,166,-1
120,174,141,165,-1
0,92,194,165,-1
160,142,207,162,-1
125,168,188,167,-1
127,189,211,165,-1
198,231,255,172,-1
128,150,192,166,-1
200,224,200,166,-1
94,89,192,161,-1
145,155,183,166,-1
136,173,174,165,-1
87,148,196,166,-1
109,162,199,166,-1
133,118,169,161,-1
158,177,227,170,-1
136,177,163,165,-1
79,101,123,166,-1
159,169,215,170,-1
124,164,204,164,-1
144,74,165,167,-1
140,172,156,164,-1
104,147,202,167,-1
148,161,210,165,-1
127,104,174,167,-1
165,177,227,163,-1
140,174,197,164,-1
106,140,207,166,-1
114,129,214,165,-1
126,158,202,166,-1
161,181,254,164,-1
139,173,198,170,-1
122,143,210,166,-1
95,205,113,165,-1
123,156,197,163,-1
160,196,158,167,-1
193,216,253,170,-1
167,221,271,173,-1
143,156,195,166,-1
123,158,189,166,-1
178,182,210,165,-1
144,173,176,165,-1
127,185,196,167,-1
78,113,151,161,-1
120,157,208,160,-1
175,181,204,166,-1
147,186,188,168,-1
34,90,192,166,-1
146,121,120,166,-1
125,156,191,164,-1
173,179,204,169,-1
151,184,219,168,-1
120,155,182,169,-1
150,159,245,168,-1
123,156,191,167,-1
200,221,247,162,-1
188,223,250,173,-1
124,178,177,169,-1
66,124,119,165,-1
120,157,178,159,-1
184,175,187,165,-1
163,168,172,169,-1
86,137,176,171,-1
148,131,140,159,-1
125,164,205,167,-1
179,178,187,165,-1
122,151,124,168,-1
128,188,151,156,-1
150,167,193,165,-1
129,169,188,165,-1
150,186,184,166,-1
170,192,205,169,-1
126,184,173,171,-1
146,170,177,166,-1
125,170,199,167,-1
143,149,129,165,-1
113,57,193,170,-1
132,185,176,169,-1
148,171,149,166,-1
75,102,201,164,-1
165,136,45,160,-1
107,164,186,169,-1
131,189,232,170,-1
150,174,152,167,-1
41,61,139,171,-1
201,235,225,163,-1
194,234,238,171,-1
106,196,179,169,-1
147,132,101,161,-1
129,170,214,166,-1
163,151,180,165,-1
86,89,149,170,-1
138,184,192,164,-1
144,180,134,172,-1
126,174,219,164,-1
141,111,125,171,-1
139,172,182,170,-1
156,187,212,170,-1
59,127,64,167,-1
127,169,214,164,-1
120,154,181,165,-1
136,105,206,167,-1
157,186,195,170,-1
186,232,249,173,-1
140,226,225,164,-1
201,237,240,165,-1
134,167,188,170,-1
166,216,189,170,-1
104,174,144,170,-1
102,108,264,169,-1
150,109,116,159,-1
134,160,196,169,-1
164,202,184,168,-1
78,129,151,165,-1
148,119,202,158,-1
164,146,187,165,-1
130,171,185,170,-1
149,191,129,170,-1
152,177,149,168,-1
107,54,239,164,-1
160,140,158,167,-1
127,169,190,170,-1
156,200,219,169,-1
152,179,149,168,-1
167,187,240,166,-1
153,140,197,165,-1
127,162,208,170,-1
172,195,189,170,-1
147,188,149,168,-1
168,168,232,170,-1
108,98,227,169,-1
133,170,158,164,-1
154,205,206,166,-1
152,201,146,168,-1
75,168,252,174,-1
194,204,132,169,-1
145,159,107,163,-1
151,206,196,165,-1
147,177,152,167,-1
169,168,237,166,-1
151,149,194,165,-1
145,169,157,170,-1
152,197,159,163,-1
153,194,151,165,-1
174,206,234,165,-1
151,148,192,168,-1
112,102,157,169,-1
151,181,192,162,-1
170,205,246,166,-1
178,201,238,165,-1
107,77,195,165,-1
155,157,163,163,-1
151,203,259,172,-1
151,227,263,172,-1
190,179,293,170,-1
150,119,96,159,-1
160,159,161,170,-1
155,205,257,170,-1
67,193,213,167,-1
181,144,243,170,-1
151,151,195,166,-1
154,162,155,170,-1
145,180,235,165,-1
120,88,109,161,-1
181,194,267,169,-1
157,147,184,165,-1
102,103,143,169,-1
145,179,183,161,-1
168,188,170,168,-1
176,158,225,166,-1
148,132,190,168,-1
151,163,138,168,-1
149,202,198,165,-1
137,156,146,162,-1
185,180,228,166,-1
145,151,177,165,-1
96,158,132,169,-1
129,180,198,165,-1
173,187,130,170,-1
181,192,266,170,-1
97,151,206,169,-1
162,44,79,165,-1
145,160,237,173,-1
177,187,144,171,-1
180,205,192,170,-1
98,189,233,173,-1
160,159,118,170,-1
146,175,219,165,-1
103,180,87,167,-1
182,216,194,165,-1
150,164,198,170,-1
115,117,127,169,-1
153,146,210,167,-1
186,199,119,169,-1
180,220,0,165,-1
145,170,19,170,-1
171,161,0,170,-1
153,183,95,165,-1
88,163,18,171,-1
186,205,112,168,-1
152,171,76,169,-1
202,226,0,168,-1
155,177,100,158,-1
211,239,149,171,-1
186,216,105,164,-1
154,173,111,168,-1
164,172,32,168,-1
119,178,136,165,-1
63,149,66,170,-1
184,218,156,176,-1
142,177,134,169,-1
169,171,38,169,-1
114,166,134,168,-1
63,72,0,162,-1
180,223,134,178,-1
145,171,116,172,-1
162,171,40,168,-1
119,134,68,167,-1
139,174,53,171,-1
177,209,136,179,-1
147,128,63,162,-1
171,177,41,168,-1
115,174,148,170,-1
72,164,56,169,-1
192,176,100,171,-1
146,170,146,172,-1
170,171,48,169,-1
124,173,145,166,-1
144,175,69,170,-1
132,176,116,176,-1
145,168,148,162,-1
170,179,59,169,-1
109,175,177,173,-1
204,235,174,172,-1
181,218,146,172,-1
132,163,43,169,-1
182,175,48,165,-1
112,171,161,166,-1
133,159,83,168,-1
167,172,133,172,-1
114,175,98,169,-1
178,193,109,173,-1
78,205,78,170,-1
142,155,118,163,-1
162,210,140,174,-1
150,169,155,170,-1
127,146,64,174,-1
109,172,160,176,-1
132,235,55,177,-1
157,215,157,169,-1
146,165,154,171,-1
204,233,181,173,-1
69,124,59,168,-1
204,232,175,168,-1
154,181,116,163,-1
151,163,149,171,-1
180,194,69,168,-1
71,120,159,169,-1
142,105,44,163,-1
149,196,125,162,-1
150,163,158,172,-1
116,193,61,169,-1
125,167,162,168,-1
138,159,104,166,-1
110,206,106,169,-1
169,155,159,169,-1
182,204,71,166,-1
118,160,126,171,-1
39,27,76,161,-1
146,182,117,167,-1
176,123,184,169,-1
187,214,60,166,-1
122,121,122,170,-1
137,168,126,167,-1
152,181,117,165,-1
182,133,153,175,-1
184,208,89,166,-1
133,165,147,169,-1
48,43,51,171,-1
147,181,109,166,-1
164,109,111,167,-1
151,275,167,176,-1
158,170,163,173,-1
144,153,121,168,-1
134,177,106,169,-1
162,115,115,168,-1
164,179,80,173,-1
144,171,80,160,-1
133,188,96,168,-1
140,175,97,155,-1
177,173,137,174,-1
182,214,60,166,-1
79,116,108,168,-1
140,219,37,170,-1
135,183,114,165,-1
143,116,94,166,-1
166,196,117,167,-1
74,173,17,168,-1
140,180,150,167,-1
125,178,113,165,-1
204,233,158,172,-1
205,236,166,172,-1
99,177,131,172,-1
77,135,98,170,-1
109,181,99,165,-1
147,117,95,167,-1
128,258,34,167,-1
75,167,94,167,-1
148,182,29,158,-1
113,175,84,165,-1
137,107,89,166,-1
179,221,29,168,-1
103,174,79,167,-1
86,140,85,166,-1
113,178,4,151,-1
139,117,86,167,-1
160,215,75,165,-1
79,0,95,167,-1
160,0,76,166,-1
112,0,82,164,-1
138,0,71,166,-1
121,64,4,162,-1
101,83,80,165,-1
165,95,69,166,-1
106,74,89,164,-1
79,8,74,166,-1
149,79,82,169,-1
100,85,80,167,-1
173,0,44,167,-1
196,113,125,172,-1
203,151,127,171,-1
201,160,133,172,-1
102,126,69,166,-1
180,132,92,172,-1
63,106,28,161,-1
138,40,54,163,-1
150,105,68,170,-1
103,117,63,167,-1
179,123,42,167,-1
104,109,74,164,-1
130,38,57,166,-1
151,0,0,161,-1
105,98,92,163,-1
184,136,42,167,-1
106,109,125,163,-1
75,0,86,166,-1
148,126,0,158,-1
113,138,144,175,-1
188,153,50,167,-1
105,120,102,173,-1
186,63,91,166,-1
205,165,0,160,-1
120,174,105,175,-1
141,56,70,160,-1
116,117,123,166,-1
138,59,106,167,-1
145,127,56,165,-1
82,109,84,176,-1
187,153,56,161,-1
85,120,138,163,-1
79,0,70,161,-1
145,151,64,165,-1
128,164,155,174,-1
163,205,126,168,-1
129,97,30,162,-1
137,111,102,167,-1
143,142,46,165,-1
86,129,83,168,-1
185,183,50,166,-1
132,146,127,163,-1
135,120,108,167,-1
145,149,64,165,-1
130,150,115,167,-1
190,185,56,170,-1
131,200,116,175,-1
136,121,165,173,-1
103,38,39,161,-1
92,123,112,167,-1
208,202,164,173,-1
198,151,82,163,-1
131,172,124,166,-1
147,148,62,165,-1
92,118,132,166,-1
151,212,59,172,-1
108,146,126,162,-1
134,126,108,170,-1
104,92,53,166,-1
88,74,11,160,-1
189,150,50,166,-1
99,171,151,162,-1
123,146,104,173,-1
144,13,42,165,-1
95,116,143,166,-1
169,149,47,167,-1
113,180,69,163,-1
153,126,107,168,-1
143,148,49,166,-1
83,121,136,166,-1
166,143,42,166,-1
205,194,166,172,-1
156,151,107,169,-1
100,27,48,165,-1
108,124,143,166,-1
166,140,48,166,-1
92,179,103,163,-1
144,75,138,170,-1
143,140,50,165,-1
99,118,108,166,-1
157,105,106,161,-1
87,173,99,166,-1
168,161,110,170,-1
72,15,55,165,-1
114,119,130,162,-1
165,135,94,165,-1
97,150,91,166,-1
168,159,109,169,-1
153,142,61,165,-1
118,122,144,165,-1
167,139,64,165,-1
88,156,106,161,-1
165,102,117,166,-1
148,145,60,165,-1
114,117,149,166,-1
157,140,94,166,-1
98,155,67,176,-1
184,171,121,162,-1
142,145,52,172,-1
145,129,97,169,-1
105,104,107,165,-1
56,143,27,169,-1
180,169,109,165,-1
159,148,51,165,-1
130,187,132,172,-1
77,94,74,165,-1
114,133,79,160,-1
188,155,121,165,-1
175,141,50,168,-1
68,113,11,172,-1
159,143,92,156,-1
115,126,96,163,-1
194,152,125,164,-1
175,137,47,167,-1
68,113,85,171,-1
161,144,71,158,-1
123,130,88,166,-1
189,147,133,164,-1
114,118,43,169,-1
195,100,0,158,-1
161,186,167,165,-1
164,201,199,172,-1
197,190,133,163,-1
178,158,152,174,-1
138,126,134,169,-1
76,34,143,159,-1
102,129,137,163,-1
147,149,133,165,-1
185,186,99,162,-1
134,142,137,169,-1
155,138,164,165,-1
125,130,134,164,-1
191,153,187,165,-1
180,169,87,169,-1
140,144,118,161,-1
157,141,168,165,-1
84,134,137,163,-1
152,136,115,157,-1
147,150,132,170,-1
136,145,143,167,-1
154,136,167,166,-1
38,74,132,164,-1
184,193,154,164,-1
143,180,129,169,-1
144,158,143,167,-1
151,143,176,170,-1
98,74,165,166,-1
176,121,136,165,-1
