195,102,1182,27,-1
38,207,1408,25,-1
189,386,1409,28,-1
124,170,1478,27,-1
125,270,1479,33,-1
0,196,1363,6,-1
165,263,1322,24,-1
213,176,1515,25,-1
147,278,1387,19,-1
104,233,1433,28,-1
121,281,1480,30,-1
131,261,1394,23,-1
76,197,1353,25,-1
198,199,1473,14,-1
70,207,1240,16,-1
239,142,1408,20,-1
117,134,1414,31,-1
66,270,1454,31,-1
42,194,1567,20,-1
222,288,1543,35,-1
158,268,1530,30,-1
107,222,1519,31,-1
122,223,1425,35,-1
81,125,1455,24,-1
144,269,1507,23,-1
216,362,1215,26,-1
230,202,1542,32,-1
102,412,1479,34,-1
245,221,1585,25,-1
387,182,1487,36,-1
317,233,1579,23,-1
138,205,1513,33,-1
9,274,1505,18,-1
127,224,1506,25,-1
93,166,1526,38,-1
255,206,1503,29,-1
36,225,1435,29,-1
103,101,1521,31,-1
170,152,1554,37,-1
85,216,1529,36,-1
363,271,1619,28,-1
162,68,1579,28,-1
71,152,1582,34,-1
407,101,1635,27,-1
143,246,1531,5,-1
292,4,1583,31,-1
174,45,1567,11,-1
291,191,1569,20,-1
118,222,1682,37,-1
225,364,1678,38,-1
101,235,1614,25,-1
115,183,1618,39,-1
129,351,1719,36,-1
46,161,1507,,-1
217,296,1706,14,-1
0,322,1748,13,-1
431,182,1633,17,-1
452,377,1700,23,-1
357,249,1785,26,-1
603,186,1602,21,-1
53,392,1719,16,-1
186,333,1650,20,-1
438,299,1626,18,-1
402,262,1673,17,-1
519,130,1453,,-1
406,328,1573,25,-1
54,181,1650,13,-1
336,226,1641,26,-1
666,160,1618,1,-1
475,232,1610,15,-1
0,307,1572,15,-1
41,226,1634,15,-1
5,225,1649,20,-1
78,179,1630,20,-1
72,68,1505,15,-1
18,151,1411,20,-1
28,108,1543,9,-1
31,246,1597,17,-1
63,123,1508,14,-1
39,96,1540,11,-1
0,202,1596,8,-1
47,19,1556,10,-1
43,153,1531,16,-1
53,190,1548,16,-1
58,84,1471,8,-1
0,230,1525,9,-1
43,93,1477,,-1
63,107,1450,9,-1
97,102,1543,11,-1
19,256,1303,17,-1
728,65,1480,18,-1
809,96,1554,3,-1
739,130,1526,28,-1
698,147,1571,23,-1
711,140,1504,3,-1
685,102,1478,12,-1
801,94,1615,26,-1
583,174,1602,7,-1
691,127,1595,18,-1
716,157,1543,27,-1
683,231,1358,11,-1
818,146,1559,22,-1
738,285,287,10,-1
714,238,289,17,-1
729,324,626,24,-1
707,372,1683,20,-1
516,423,389,24,-1
741,404,989,19,-1
769,384,1462,29,-1
874,219,234,23,-1
680,259,1281,8,-1
777,299,1565,8,-1
742,297,1584,24,-1
823,513,1553,17,-1
333,280,1245,26,-1
899,182,336,4,-1
1001,172,705,25,-1
760,434,1547,20,-1
705,226,1617,24,-1
719,334,1559,1,-1
767,427,1660,36,-1
522,290,1659,33,-1
750,402,1609,12,-1
774,357,1665,24,-1
749,360,1677,27,-1
375,391,1688,23,-1
745,192,1634,28,-1
779,415,1634,22,-1
712,329,381,40,-1
788,369,749,15,-1
697,346,356,8,-1
662,288,383,17,-1
818,342,322,23,-1
830,381,414,19,-1
721,292,350,28,-1
635,413,305,29,-1
432,336,358,19,-1
212,325,317,17,-1
296,383,368,12,-1
751,458,347,20,-1
650,383,280,13,-1
705,327,374,23,-1
636,273,428,33,-1
664,293,363,8,-1
746,381,253,9,-1
762,429,372,29,-1
725,348,408,27,-1
664,329,280,16,-1
788,449,378,30,-1
773,396,342,24,-1
679,367,245,4,-1
764,328,362,28,-1
755,459,1484,29,-1
669,225,1514,27,-1
805,319,1162,23,-1
870,514,530,9,-1
672,394,320,33,-1
725,367,361,36,-1
573,468,352,27,-1
676,391,403,29,-1
166,369,346,29,-1
681,348,244,21,-1
820,396,303,24,-1
504,383,431,21,-1
690,389,278,32,-1
741,397,319,20,-1
708,260,326,31,-1
767,369,361,33,-1
666,467,385,31,-1
792,467,397,40,-1
760,551,413,40,-1
415,371,1390,27,-1
745,275,1557,18,-1
742,391,350,28,-1
792,376,1758,33,-1
675,355,1561,19,-1
673,397,1722,39,-1
742,384,1714,19,-1
717,409,402,25,-1
715,397,1055,41,-1
710,450,1583,23,-1
743,324,1684,27,-1
343,308,1283,25,-1
216,398,1767,25,-1
213,416,1771,27,-1
191,480,1751,44,-1
211,372,1632,34,-1
114,406,1733,41,-1
687,411,1748,16,-1
742,483,1751,35,-1
370,474,1838,39,-1
813,380,1750,29,-1
854,404,1536,32,-1
805,334,1840,32,-1
717,388,1631,36,-1
752,490,1777,35,-1
755,429,1765,35,-1
655,360,1765,18,-1
759,363,1764,30,-1
823,462,1824,41,-1
655,335,1755,40,-1
822,424,1882,44,-1
670,438,1801,34,-1
657,348,1574,37,-1
785,289,1714,10,-1
800,460,1791,31,-1
736,439,1720,42,-1
817,267,1709,24,-1
823,211,1654,13,-1
781,331,1718,45,-1
754,391,1856,46,-1
777,285,1869,39,-1
860,381,1785,41,-1
765,304,1681,16,-1
854,309,1726,38,-1
765,394,1651,38,-1
848,402,1825,37,-1
766,450,1721,39,-1
861,282,1819,32,-1
872,417,1707,26,-1
682,335,1758,42,-1
803,473,1813,42,-1
672,445,1789,35,-1
737,325,1782,28,-1
798,358,1792,41,-1
715,338,1654,21,-1
740,320,1716,36,-1
911,270,1719,14,-1
779,305,1687,29,-1
773,328,1771,35,-1
694,348,1723,8,-1
754,384,1738,38,-1
635,353,1753,35,-1
863,236,1813,9,-1
791,365,1691,41,-1
759,466,1697,26,-1
723,370,1656,31,-1
812,496,1699,35,-1
741,409,1745,37,-1
714,360,1621,37,-1
872,366,1662,28,-1
719,409,1688,35,-1
717,494,1552,31,-1
752,375,1583,32,-1
631,372,1626,28,-1
435,479,1678,27,-1
741,395,1676,28,-1
681,327,1538,9,-1
249,527,1758,30,-1
444,488,1701,37,-1
730,416,1555,34,-1
715,341,1595,26,-1
766,491,1700,32,-1
699,474,1659,28,-1
869,415,1655,28,-1
412,420,1671,32,-1
604,259,1534,32,-1
503,441,1636,21,-1
582,397,1605,30,-1
661,322,1605,34,-1
628,273,1650,28,-1
640,441,1685,29,-1
711,446,1684,38,-1
665,368,1648,32,-1
665,387,1618,23,-1
780,401,1628,26,-1
698,308,1541,6,-1
702,404,1607,41,-1
733,413,1756,35,-1
728,372,1528,25,-1
658,368,1603,32,-1
651,415,1753,23,-1
850,460,1756,34,-1
742,438,1751,21,-1
643,373,1767,29,-1
194,469,1466,30,-1
657,377,1683,42,-1
653,292,1552,1,-1
486,348,1675,25,-1
609,414,1710,40,-1
617,477,1709,31,-1
483,320,1589,25,-1
110,459,1685,26,-1
650,471,1718,32,-1
661,355,1699,37,-1
158,419,1783,28,-1
645,379,1689,31,-1
633,343,1697,44,-1
676,390,1716,33,-1
187,378,1669,36,-1
551,431,1746,29,-1
862,326,1735,23,-1
162,428,1612,39,-1
762,388,1828,43,-1
726,432,1864,38,-1
628,317,1804,25,-1
603,419,1822,34,-1
614,390,1666,25,-1
712,364,1663,39,-1
776,408,1765,34,-1
766,420,1599,34,-1
777,521,1725,33,-1
722,455,1827,39,-1
657,408,1751,35,-1
632,290,1665,11,-1
688,412,1629,27,-1
874,283,1723,41,-1
619,423,1811,44,-1
720,524,1784,34,-1
709,363,1760,38,-1
664,463,1738,27,-1
644,486,1705,33,-1
620,325,1751,35,-1
257,377,1720,18,-1
839,380,1737,23,-1
197,397,1729,35,-1
565,422,1781,30,-1
703,392,1719,38,-1
770,497,1757,24,-1
676,354,1699,29,-1
639,334,1725,37,-1
704,384,1729,27,-1
630,406,1757,30,-1
728,511,1773,27,-1
779,495,1754,36,-1
700,442,1638,29,-1
172,422,1649,6,-1
702,496,1769,32,-1
653,435,1735,28,-1
388,423,1679,27,-1
657,421,1613,12,-1
720,381,1741,35,-1
797,491,1852,31,-1
648,406,1698,29,-1
704,406,1666,27,-1
740,591,1670,30,-1
761,562,1631,23,-1
661,478,1713,37,-1
813,275,1717,24,-1
757,344,1704,33,-1
737,542,1845,41,-1
589,379,1641,26,-1
650,379,1656,26,-1
832,466,1790,25,-1
703,410,1743,23,-1
687,488,1692,27,-1
803,344,1721,19,-1
729,414,1766,29,-1
773,507,1780,40,-1
799,417,1833,36,-1
634,494,1802,31,-1
377,415,1766,34,-1
736,516,1821,32,-1
496,247,1579,14,-1
211,390,1741,26,-1
869,517,1784,34,-1
685,464,1777,36,-1
191,462,1851,42,-1
740,388,1769,29,-1
638,348,1751,37,-1
673,421,1844,30,-1
736,474,1796,29,-1
578,494,1778,32,-1
713,382,1787,29,-1
633,342,1768,37,-1
574,372,1698,38,-1
564,375,1767,13,-1
747,470,1785,27,-1
754,458,1862,31,-1
845,436,1741,30,-1
692,405,1805,36,-1
700,356,1840,35,-1
688,506,1722,22,-1
736,408,1733,38,-1
172,298,1737,31,-1
683,391,1569,37,-1
674,292,1792,45,-1
754,407,1720,31,-1
748,439,1801,40,-1
670,361,1833,33,-1
675,478,1672,39,-1
697,285,1735,34,-1
744,307,1729,35,-1
760,404,1760,29,-1
695,346,1862,43,-1
664,344,1723,22,-1
827,267,1706,22,-1
1031,300,1674,35,-1
798,397,1827,14,-1
769,486,1791,39,-1
858,311,1752,37,-1
737,339,1711,37,-1
740,427,1767,42,-1
235,453,1821,30,-1
704,215,1708,25,-1
743,308,1661,25,-1
218,381,1856,14,-1
841,404,1785,38,-1
566,295,1661,10,-1
771,487,1782,38,-1
720,365,1625,26,-1
821,435,1838,43,-1
750,497,1775,33,-1
831,391,1712,41,-1
211,427,1864,27,-1
731,484,1830,28,-1
900,412,1746,34,-1
434,438,1819,35,-1
252,530,1829,32,-1
457,419,1712,38,-1
714,473,1847,30,-1
754,488,1642,30,-1
166,497,1770,28,-1
211,401,1803,34,-1
760,493,1749,31,-1
762,418,1758,24,-1
681,365,1719,36,-1
730,387,1644,37,-1
736,452,1775,25,-1
801,432,1805,36,-1
752,461,1811,28,-1
739,442,1792,13,-1
638,495,1820,38,-1
787,352,1729,30,-1
778,392,1815,35,-1
294,528,1671,27,-1
663,427,1723,34,-1
693,451,1642,23,-1
736,305,1644,32,-1
757,374,1785,29,-1
209,507,1720,35,-1
720,337,1674,18,-1
647,454,1741,14,-1
748,533,1748,38,-1
510,398,1708,39,-1
691,471,1738,30,-1
589,376,1698,32,-1
544,426,1771,34,-1
690,458,1899,30,-1
746,343,1733,12,-1
746,404,1649,31,-1
736,331,1787,33,-1
452,422,1758,44,-1
366,374,1742,20,-1
660,404,1638,27,-1
771,540,1756,39,-1
356,387,1821,32,-1
781,330,1702,34,-1
800,343,1840,29,-1
762,348,1760,32,-1
658,244,1506,20,-1
756,318,1695,22,-1
715,394,1727,20,-1
727,187,1678,38,-1
620,268,1754,35,-1
719,307,1645,16,-1
782,324,1694,37,-1
466,288,1791,29,-1
701,304,1727,18,-1
829,413,1683,33,-1
712,345,1707,27,-1
745,303,1680,27,-1
743,231,1778,29,-1
860,317,1710,29,-1
708,317,1659,19,-1
802,338,1816,29,-1
473,382,1726,29,-1
461,119,1756,23,-1
828,329,1836,21,-1
750,274,1775,33,-1
884,315,1799,30,-1
857,311,1695,28,-1
976,311,1699,30,-1
618,228,1710,25,-1
780,274,1664,7,-1
843,264,1716,23,-1
786,297,1818,21,-1
733,305,1856,31,-1
868,329,1781,26,-1
858,315,1794,29,-1
795,383,1730,28,-1
774,341,1850,28,-1
873,296,1729,23,-1
819,381,1814,8,-1
756,346,1647,13,-1
632,341,1771,23,-1
808,379,1702,32,-1
570,331,1848,30,-1
759,342,1862,24,-1
750,383,1697,27,-1
806,306,1841,28,-1
766,363,1796,25,-1
754,232,1754,24,-1
726,353,1830,4,-1
489,348,1866,35,-1
656,186,1779,19,-1
789,355,1750,16,-1
718,345,1763,31,-1
145,148,1634,25,-1
695,241,1685,35,-1
535,227,1776,36,-1
369,316,1831,37,-1
291,386,1788,23,-1
639,290,1662,22,-1
366,304,1722,31,-1
710,318,1727,41,-1
696,278,1786,32,-1
776,262,1800,37,-1
367,336,1857,29,-1
720,292,1788,36,-1
348,284,1702,32,-1
791,264,1701,33,-1
379,275,1787,40,-1
385,292,1705,14,-1
443,268,1759,36,-1
305,207,1677,33,-1
445,272,1614,13,-1
382,207,1813,38,-1
696,265,1823,31,-1
747,223,1721,27,-1
732,318,1777,34,-1
774,311,1812,31,-1
378,309,1786,37,-1
374,321,1809,36,-1
395,247,1636,17,-1
395,293,1794,42,-1
336,220,1830,25,-1
388,230,1771,27,-1
437,237,1762,44,-1
388,296,1823,18,-1
308,364,1742,34,-1
653,184,1854,43,-1
634,289,1784,14,-1
755,368,1804,30,-1
671,197,1701,37,-1
342,359,1716,28,-1
438,337,1856,28,-1
487,362,1878,35,-1
464,374,1900,23,-1
248,303,1736,35,-1
940,368,1843,42,-1
722,333,1762,17,-1
259,359,1942,33,-1
798,464,1954,31,-1
763,444,1760,38,-1
751,465,1855,30,-1
621,147,1845,22,-1
681,412,1855,24,-1
449,374,1956,12,-1
292,355,1896,28,-1
587,458,1862,29,-1
133,330,1862,29,-1
507,474,1834,21,-1
198,468,1865,29,-1
174,418,1877,19,-1
801,378,1789,18,-1
473,405,1995,26,-1
765,467,1984,29,-1
769,298,1896,21,-1
581,242,1900,14,-1
585,383,1802,18,-1
757,296,2022,19,-1
715,362,1881,33,-1
653,261,1748,29,-1
818,177,1772,33,-1
787,247,1816,25,-1
667,308,1845,30,-1
722,296,1747,32,-1
815,478,1866,29,-1
737,276,1855,29,-1
786,410,1846,36,-1
706,283,1988,24,-1
732,374,1858,16,-1
792,292,1841,33,-1
850,239,1815,35,-1
667,327,1864,31,-1
768,229,1799,26,-1
735,223,1846,40,-1
869,302,1864,41,-1
759,124,1774,23,-1
706,275,1793,25,-1
806,242,1877,32,-1
804,304,1862,33,-1
787,283,1868,29,-1
800,191,1709,32,-1
740,314,1802,19,-1
833,355,1900,40,-1
155,332,1850,34,-1
112,214,1648,14,-1
94,326,1921,26,-1
153,377,1802,17,-1
111,306,1784,25,-1
73,156,1796,31,-1
107,296,1839,25,-1
130,240,1523,15,-1
132,215,1759,26,-1
75,223,1851,24,-1
65,223,1809,28,-1
96,112,1699,15,-1
113,111,1710,28,-1
0,183,1832,25,-1
65,111,1759,25,-1
0,203,1780,30,-1
34,192,1683,16,-1
118,109,1703,42,-1
56,204,1711,37,-1
5,187,2128,21,-1
19,189,1829,32,-1
101,229,1657,26,-1
83,0,1626,18,-1
0,69,1778,19,-1
107,17,1810,24,-1
76,36,1729,31,-1
61,71,1670,14,-1
85,0,1699,16,-1
0,219,1688,14,-1
50,267,1609,13,-1
87,264,1766,31,-1
148,208,1804,30,-1
127,242,1784,39,-1
46,215,1824,31,-1
127,302,1866,26,-1
63,141,1552,23,-1
62,275,1743,19,-1
120,195,1701,17,-1
20,203,1696,15,-1
118,163,1759,23,-1
18,343,1654,14,-1
79,145,1775,29,-1
129,224,1779,35,-1
16,304,1732,34,-1
57,176,1794,37,-1
147,201,1738,15,-1
112,257,1753,37,-1
69,248,1738,9,-1
88,83,1551,22,-1
39,174,1666,30,-1
129,302,1654,21,-1
70,228,1599,18,-1
118,146,1757,30,-1
112,215,1691,17,-1
77,169,1600,18,-1
122,152,1694,25,-1
155,204,1609,13,-1
85,314,1416,18,-1
116,114,1576,26,-1
69,34,1583,,-1
102,80,1467,22,-1
171,114,1585,13,-1
109,109,1422,11,-1
521,112,1456,28,-1
789,77,1588,15,-1
786,78,1513,11,-1
776,148,1349,,-1
866,42,1427,24,-1
714,130,1455,30,-1
785,46,1429,20,-1
866,99,1395,19,-1
750,108,1349,25,-1
856,99,1431,22,-1
773,111,1318,20,-1
876,123,1389,21,-1
865,60,1320,24,-1
854,161,1385,26,-1
928,180,1483,38,-1
949,226,1430,31,-1
835,134,1173,25,-1
820,127,1302,19,-1
916,210,1402,17,-1
939,242,1251,14,-1
839,339,1434,32,-1
883,369,1417,18,-1
918,330,1496,30,-1
930,360,1577,23,-1
895,378,1410,34,-1
1116,324,1352,26,-1
1116,322,1506,25,-1
912,328,1317,20,-1
266,120,1415,27,-1
326,239,1614,21,-1
263,279,1409,27,-1
265,238,1621,26,-1
249,253,1579,28,-1
1021,241,1444,14,-1
935,288,1584,30,-1
923,253,1345,15,-1
948,331,1440,26,-1
921,453,1586,26,-1
1000,435,1442,20,-1
984,352,1624,33,-1
843,452,1529,25,-1
992,447,1430,30,-1
808,503,1621,33,-1
0,554,1689,29,-1
0,490,1581,30,-1
0,480,1584,35,-1
14,435,1610,21,-1
99,366,1559,30,-1
68,506,1677,20,-1
100,477,1623,35,-1
53,446,1637,22,-1
91,430,1744,25,-1
97,303,1532,23,-1
50,595,1684,40,-1
95,485,1683,34,-1
11,322,1473,19,-1
144,479,1698,25,-1
116,414,1652,16,-1
103,507,1615,29,-1
202,559,1695,36,-1
71,491,1401,28,-1
157,540,1647,25,-1
161,385,1666,37,-1
103,516,1670,27,-1
144,240,1648,37,-1
42,401,1653,20,-1
143,278,1608,31,-1
126,129,1489,24,-1
84,332,1701,26,-1
45,422,1486,35,-1
8,347,1599,30,-1
113,163,1567,16,-1
140,206,1497,13,-1
154,329,1650,31,-1
147,304,1562,44,-1
115,387,1668,38,-1
204,213,1600,31,-1
151,341,1590,36,-1
173,273,1633,24,-1
73,179,1475,7,-1
115,314,1597,22,-1
1031,291,1612,30,-1
870,288,1542,35,-1
956,247,1528,38,-1
778,236,1422,34,-1
1021,309,1380,25,-1
977,230,1542,36,-1
873,327,1536,41,-1
463,326,1369,30,-1
1177,193,1462,33,-1
861,199,1474,27,-1
955,71,1386,9,-1
832,176,1464,17,-1
832,326,1432,4,-1
866,0,1156,15,-1
864,296,1356,28,-1
661,225,1411,25,-1
991,166,1273,11,-1
977,284,1195,13,-1
1184,214,1293,21,-1
852,315,1280,15,-1
466,120,1268,7,-1
899,315,1185,28,-1
716,240,1173,9,-1
704,247,1124,16,-1
977,280,1176,17,-1
458,328,1281,11,-1
950,321,1163,2,-1
1005,284,1203,7,-1
968,329,1262,,-1
945,367,1220,6,-1
1060,316,1317,10,-1
980,322,1285,15,-1
1148,370,1200,4,-1
1102,330,1300,13,-1
694,420,1301,14,-1
1179,326,1339,28,-1
1139,504,1380,14,-1
1163,420,1388,,-1
1185,305,1236,6,-1
1045,397,1401,,-1
628,296,1161,12,-1
528,476,1482,12,-1
1030,280,1427,12,-1
953,365,1040,4,-1
876,298,1307,11,-1
938,289,1305,7,-1
730,305,1206,12,-1
819,251,1257,4,-1
816,291,1275,10,-1
706,265,1238,15,-1
766,277,1315,10,-1
789,235,891,41,-1
771,164,1179,11,-1
700,94,1209,15,-1
800,29,1038,,-1
770,208,1255,15,-1
748,196,1181,14,-1
694,211,1211,17,-1
834,137,1145,28,-1
930,0,1052,,-1
927,173,1072,16,-1
946,263,1178,24,-1
718,6,1023,15,-1
989,198,1007,24,-1
727,210,1220,32,-1
614,261,1087,19,-1
433,367,1130,30,-1
481,253,1115,33,-1
603,221,1057,47,-1
670,222,1157,35,-1
638,135,1216,39,-1
736,198,1092,34,-1
792,286,1209,33,-1
801,338,1094,37,-1
648,181,1134,40,-1
747,256,1163,25,-1
739,316,1165,37,-1
675,289,1214,34,-1
676,280,1230,37,-1
774,299,1168,38,-1
741,239,1250,44,-1
712,303,1212,33,-1
718,282,1185,33,-1
704,306,1190,27,-1
750,190,1238,38,-1
697,201,1141,30,-1
651,281,1228,55,-1
955,308,1097,31,-1
763,296,1254,37,-1
731,326,1308,47,-1
753,183,1273,36,-1
634,160,1242,40,-1
725,301,1310,46,-1
734,277,1094,41,-1
640,266,1236,41,-1
810,285,1308,42,-1
693,281,1222,45,-1
761,353,1312,40,-1
656,237,1374,21,-1
724,222,1306,48,-1
841,232,1366,40,-1
607,220,1294,31,-1
708,261,1232,35,-1
598,340,1340,39,-1
755,248,1171,42,-1
701,332,1405,37,-1
639,324,1347,36,-1
729,302,1258,43,-1
656,193,1285,41,-1
709,345,1228,30,-1
739,282,1324,44,-1
713,338,1416,48,-1
651,394,1379,36,-1
701,399,1368,48,-1
832,400,1363,47,-1
706,194,1340,41,-1
686,381,0,46,-1
750,453,0,18,-1
699,409,148,49,-1
684,399,15,37,-1
768,496,98,19,-1
712,430,83,54,-1
763,515,1407,46,-1
677,418,666,32,-1
687,484,1440,51,-1
635,346,1391,45,-1
694,413,1424,42,-1
716,544,1409,43,-1
801,424,1554,39,-1
619,369,1355,49,-1
725,423,1362,36,-1
714,449,1495,36,-1
757,419,1389,44,-1
702,529,1558,53,-1
668,505,1382,34,-1
804,454,1333,32,-1
653,443,1374,59,-1
735,467,1432,23,-1
732,372,1478,38,-1
662,448,68,40,-1
685,428,146,46,-1
671,381,18,43,-1
768,473,203,33,-1
899,274,202,16,-1
638,52,173,47,-1
737,407,217,41,-1
670,415,216,38,-1
750,464,216,36,-1
769,341,237,38,-1
734,364,312,48,-1
757,448,210,32,-1
726,347,1048,40,-1
726,421,198,47,-1
722,459,399,40,-1
739,470,1536,48,-1
812,329,1574,36,-1
597,375,1481,36,-1
780,478,1501,37,-1
814,423,1575,47,-1
914,282,1405,57,-1
807,456,175,34,-1
712,438,218,53,-1
764,477,238,39,-1
872,194,264,49,-1
720,461,175,45,-1
792,533,807,49,-1
652,424,1533,51,-1
797,242,155,38,-1
742,389,1425,37,-1
759,341,1380,53,-1
802,343,1543,48,-1
717,227,1326,52,-1
715,317,1442,41,-1
706,277,1342,45,-1
677,357,1404,45,-1
742,341,1356,43,-1
728,311,1386,46,-1
640,279,1381,51,-1
774,229,1401,50,-1
704,145,1478,53,-1
710,290,1641,54,-1
773,338,1636,43,-1
739,287,1597,38,-1
715,144,1468,27,-1
676,228,1285,48,-1
648,101,1220,30,-1
699,141,1415,42,-1
725,159,1253,39,-1
796,26,1348,46,-1
664,3,1316,35,-1
858,122,1220,41,-1
826,0,1118,58,-1
769,90,1020,22,-1
665,188,1083,28,-1
704,231,1181,59,-1
805,176,1172,42,-1
707,129,1139,29,-1
595,223,1198,49,-1
768,160,1250,49,-1
771,225,1266,50,-1
721,355,1315,52,-1
714,245,1182,44,-1
703,332,1322,49,-1
805,215,1256,60,-1
763,226,1145,54,-1
680,214,1313,53,-1
693,366,1321,52,-1
671,299,1288,57,-1
751,240,1327,47,-1
685,312,1255,56,-1
719,246,1336,48,-1
743,259,1348,39,-1
711,269,1181,47,-1
832,180,1289,42,-1
625,222,1332,45,-1
679,278,1201,40,-1
826,298,1288,61,-1
771,337,1163,49,-1
702,53,1288,38,-1
986,390,1279,44,-1
753,179,1206,24,-1
685,283,1346,50,-1
753,228,1359,49,-1
673,320,1233,51,-1
720,145,1211,44,-1
756,221,1333,42,-1
806,299,1322,55,-1
780,299,1313,62,-1
858,96,1249,52,-1
753,313,1256,52,-1
729,292,1249,47,-1
794,357,1244,50,-1
741,264,1221,26,-1
655,176,1162,38,-1
726,280,1236,35,-1
685,243,1313,46,-1
780,280,1217,46,-1
822,246,1229,49,-1
753,227,1281,54,-1
742,287,1242,42,-1
748,197,1161,47,-1
760,312,1232,47,-1
731,302,1167,48,-1
768,235,1223,38,-1
744,286,1280,38,-1
741,147,1095,31,-1
785,276,1196,43,-1
839,363,1252,23,-1
729,216,1181,37,-1
782,240,1158,29,-1
867,325,1229,35,-1
808,299,1163,39,-1
692,301,1219,44,-1
742,261,1211,35,-1
782,301,1237,43,-1
899,328,1235,41,-1
735,163,1059,62,-1
773,322,1253,38,-1
793,316,1295,47,-1
856,350,1295,45,-1
834,261,1300,41,-1
896,384,1317,44,-1
786,346,1305,47,-1
771,349,1431,46,-1
817,318,1448,71,-1
692,224,1379,35,-1
849,408,1490,52,-1
800,411,1434,44,-1
747,365,1400,54,-1
763,311,1335,48,-1
843,341,1425,47,-1
747,335,1497,55,-1
746,402,1408,41,-1
753,342,1487,45,-1
715,361,1481,50,-1
881,457,1580,45,-1
813,405,1421,50,-1
768,438,1466,48,-1
814,405,1296,51,-1
887,301,1325,54,-1
784,323,1370,53,-1
864,374,1413,29,-1
809,411,1431,44,-1
810,394,1465,44,-1
740,384,1339,47,-1
687,372,1335,40,-1
769,344,1283,38,-1
753,422,1382,48,-1
937,322,1340,43,-1
812,446,1312,47,-1
722,340,1376,47,-1
807,324,1255,49,-1
792,399,1309,43,-1
784,383,1317,53,-1
735,338,1290,54,-1
737,409,1282,54,-1
882,281,1260,45,-1
774,461,1295,56,-1
673,293,1259,51,-1
688,321,1248,42,-1
882,286,1222,37,-1
780,335,1057,56,-1
688,230,1193,45,-1
769,331,1186,30,-1
836,215,1241,40,-1
760,281,1315,44,-1
802,390,1250,46,-1
860,441,1291,48,-1
758,306,1254,36,-1
644,226,1165,45,-1
796,248,1166,42,-1
749,265,1271,44,-1
691,363,1147,46,-1
699,314,1279,42,-1
746,300,1210,51,-1
808,169,1284,41,-1
730,279,1314,46,-1
683,312,1078,28,-1
838,377,1223,44,-1
865,341,1242,42,-1
754,223,1243,49,-1
767,368,1372,58,-1
646,339,1376,47,-1
774,296,1306,44,-1
836,369,1315,34,-1
756,304,1344,38,-1
758,391,1313,54,-1
665,381,1355,51,-1
785,335,1320,37,-1
976,405,1373,47,-1
717,392,1372,49,-1
730,318,1360,48,-1
718,340,1526,47,-1
758,411,1325,47,-1
726,499,1516,52,-1
769,497,1599,50,-1
758,487,1483,44,-1
775,448,1435,49,-1
772,478,1506,50,-1
729,454,1447,55,-1
654,493,1448,53,-1
738,418,1570,55,-1
725,507,1502,50,-1
783,341,1524,54,-1
691,542,1523,34,-1
746,572,1490,54,-1
892,351,1570,55,-1
695,511,1484,51,-1
821,409,1554,51,-1
645,437,1550,59,-1
741,527,1528,49,-1
735,341,1462,52,-1
814,486,1573,67,-1
817,583,1550,47,-1
781,536,1577,55,-1
637,381,1517,57,-1
780,445,1472,46,-1
693,427,1722,47,-1
817,516,1521,46,-1
733,485,1559,45,-1
737,508,1528,32,-1
764,407,1525,51,-1
698,443,1516,54,-1
740,556,1682,43,-1
731,478,1496,47,-1
756,358,1539,48,-1
804,462,1503,38,-1
704,410,1391,54,-1
805,556,1577,61,-1
797,507,1525,40,-1
830,214,1408,22,-1
773,505,1532,49,-1
732,379,1521,48,-1
1007,438,1585,53,-1
712,519,1605,61,-1
738,427,1577,46,-1
804,475,1573,50,-1
740,542,1516,40,-1
760,505,1431,52,-1
706,482,1606,56,-1
751,583,1609,46,-1
802,436,1580,56,-1
768,509,1574,50,-1
830,540,1657,48,-1
677,349,1511,46,-1
720,599,1646,47,-1
805,520,1574,47,-1
714,547,1527,53,-1
759,528,1676,39,-1
744,625,1623,60,-1
755,552,1625,55,-1
821,454,1670,65,-1
853,483,1454,53,-1
712,313,1539,51,-1
720,561,1537,17,-1
762,413,1545,52,-1
870,429,1610,53,-1
701,494,1454,32,-1
787,529,1490,47,-1
903,471,1691,52,-1
794,630,1667,56,-1
767,490,1601,56,-1
799,571,1667,38,-1
703,613,1553,56,-1
1117,376,1568,31,-1
1079,420,1464,22,-1
893,428,1390,24,-1
675,608,1622,52,-1
784,509,1613,45,-1
771,523,1574,54,-1
698,458,1563,38,-1
778,560,1616,49,-1
831,471,1555,46,-1
732,466,1560,46,-1
783,573,1542,54,-1
908,566,1680,53,-1
794,598,1703,44,-1
833,382,1489,45,-1
764,519,1586,55,-1
725,557,1637,54,-1
775,367,1603,54,-1
969,456,1616,52,-1
728,556,1549,52,-1
793,428,1531,47,-1
751,609,1589,56,-1
745,548,1512,47,-1
757,485,1597,49,-1
713,516,1563,51,-1
721,425,1567,59,-1
726,612,1594,52,-1
774,435,1549,30,-1
664,484,1548,53,-1
730,526,1578,51,-1
775,506,1608,55,-1
768,561,1555,55,-1
808,513,1687,48,-1
782,540,1586,56,-1
843,566,1584,54,-1
704,480,1714,42,-1
769,565,1542,49,-1
777,442,1702,51,-1
763,574,1627,51,-1
823,436,1433,52,-1
765,539,1636,55,-1
781,565,1529,31,-1
921,611,1574,48,-1
753,567,1696,50,-1
834,611,1451,35,-1
730,428,1532,49,-1
739,514,1645,47,-1
794,613,1443,50,-1
755,624,1614,46,-1
800,573,1648,51,-1
757,539,1532,54,-1
698,514,1604,58,-1
780,557,1585,46,-1
774,505,1595,34,-1
875,436,1620,39,-1
769,617,1639,45,-1
733,424,1522,46,-1
769,485,1522,46,-1
788,638,1696,49,-1
740,588,1744,48,-1
764,613,1658,70,-1
932,587,1591,50,-1
709,486,1666,46,-1
743,569,1612,54,-1
713,556,1692,45,-1
923,434,1539,54,-1
756,448,1429,57,-1
708,321,1585,57,-1
774,489,1686,51,-1
683,471,1529,50,-1
875,349,1486,56,-1
741,566,1607,41,-1
734,572,1641,32,-1
783,520,1662,57,-1
740,607,1615,29,-1
773,550,1574,49,-1
620,495,1541,50,-1
925,507,1638,49,-1
814,386,1481,45,-1
714,528,1639,54,-1
739,487,1491,49,-1
811,477,1537,52,-1
734,634,1650,19,-1
800,444,1488,50,-1
730,582,1615,38,-1
739,526,1528,43,-1
676,507,1441,38,-1
944,577,1624,56,-1
759,510,1661,51,-1
764,551,1531,52,-1
691,522,1513,44,-1
757,530,1590,47,-1
841,583,1692,60,-1
756,501,1544,55,-1
763,550,1388,55,-1
779,551,1614,53,-1
726,624,1577,46,-1
766,547,1654,52,-1
766,529,1578,58,-1
797,526,1437,22,-1
754,519,1633,49,-1
668,576,1597,43,-1
841,534,1629,45,-1
718,500,1585,50,-1
751,584,1595,40,-1
762,521,1603,51,-1
760,625,1605,54,-1
776,636,1636,64,-1
781,412,1653,60,-1
861,445,1407,46,-1
753,555,1624,46,-1
752,635,1551,52,-1
769,543,1667,46,-1
752,525,1625,57,-1
692,489,1590,55,-1
757,575,1657,50,-1
732,590,1567,55,-1
799,580,1580,49,-1
960,560,1645,55,-1
736,580,1551,45,-1
947,563,1603,45,-1
739,626,1566,54,-1
749,477,1551,50,-1
891,511,1605,47,-1
766,560,1417,43,-1
757,443,1566,53,-1
683,643,1602,56,-1
813,574,1487,49,-1
714,591,1593,52,-1
585,545,1570,42,-1
803,570,1518,27,-1
793,503,1540,63,-1
681,557,1649,39,-1
721,644,1553,53,-1
706,520,1579,53,-1
778,512,1626,53,-1
758,592,1590,53,-1
825,484,1690,46,-1
737,591,1613,58,-1
710,519,1673,55,-1
936,483,1591,33,-1
692,619,1548,59,-1
829,549,1655,50,-1
695,562,1650,52,-1
761,487,1514,40,-1
893,454,1584,51,-1
777,483,1547,32,-1
768,472,1528,39,-1
742,623,1669,46,-1
752,497,1492,43,-1
751,531,1572,42,-1
717,573,1645,49,-1
781,527,1648,50,-1
767,499,1567,54,-1
817,549,1498,37,-1
826,458,1643,63,-1
723,635,1728,61,-1
740,566,1690,50,-1
776,399,1622,56,-1
674,644,1594,54,-1
891,527,1521,23,-1
720,536,1512,42,-1
834,416,1594,37,-1
771,520,1529,37,-1
729,586,1608,47,-1
802,618,1619,51,-1
742,559,1564,57,-1
706,475,1655,51,-1
772,580,1533,39,-1
690,574,1663,49,-1
746,614,1647,53,-1
744,566,1624,49,-1
776,521,1586,49,-1
800,463,1562,51,-1
816,562,1555,51,-1
778,529,1637,36,-1
689,561,1639,55,-1
723,478,1370,28,-1
755,539,1596,50,-1
719,593,1635,49,-1
781,576,1632,53,-1
745,551,1601,43,-1
734,578,1667,48,-1
804,579,1583,59,-1
801,492,1469,53,-1
860,591,1473,48,-1
954,594,1619,57,-1
741,504,1663,54,-1
816,555,1692,56,-1
686,470,1566,51,-1
752,0,1665,47,-1
691,0,1540,53,-1
832,0,1597,35,-1
716,0,1459,49,-1
675,95,1562,49,-1
769,16,1689,59,-1
762,115,1646,48,-1
723,11,1589,41,-1
801,0,1555,36,-1
742,151,1631,55,-1
769,0,1566,45,-1
726,170,1748,60,-1
843,129,1542,39,-1
1032,77,1627,54,-1
715,203,1719,44,-1
663,0,1399,58,-1
738,371,1655,49,-1
711,348,1633,56,-1
783,189,1589,58,-1
726,253,1494,44,-1
728,260,1632,39,-1
771,288,1552,55,-1
823,244,1660,51,-1
751,255,1600,53,-1
731,287,1587,55,-1
718,206,1526,49,-1
722,150,1519,44,-1
770,202,1559,39,-1
768,351,1581,49,-1
828,324,1500,54,-1
662,249,1576,56,-1
757,293,1443,43,-1
702,280,1640,49,-1
703,311,1632,52,-1
690,213,1444,38,-1
726,234,1602,48,-1
677,249,1553,50,-1
769,255,1470,40,-1
642,173,1584,48,-1
736,334,1571,45,-1
766,258,1557,56,-1
713,318,1600,57,-1
784,312,1589,51,-1
732,342,1555,65,-1
735,288,1619,49,-1
783,231,1661,55,-1
784,300,1613,53,-1
822,334,1743,51,-1
809,253,1612,58,-1
749,270,1663,61,-1
686,274,1755,36,-1
727,183,1569,52,-1
705,276,1679,54,-1
726,339,1601,39,-1
770,243,1568,55,-1
670,266,1597,42,-1
620,240,1517,37,-1
831,174,1541,53,-1
718,273,1608,53,-1
732,287,1517,30,-1
783,401,1603,51,-1
943,280,1680,56,-1
739,157,1587,54,-1
756,280,1653,54,-1
725,299,1680,56,-1
676,238,1571,55,-1
711,301,1583,55,-1
734,248,1635,50,-1
767,158,1591,52,-1
800,255,1733,44,-1
656,219,1661,46,-1
680,43,1554,48,-1
743,326,1697,42,-1
743,304,1618,57,-1
754,262,1652,56,-1
784,401,1706,44,-1
715,261,1659,46,-1
646,213,1654,44,-1
703,273,1642,37,-1
714,190,1642,49,-1
704,333,1713,26,-1
723,331,1525,51,-1
864,263,1725,54,-1
745,237,1601,44,-1
0,134,1520,51,-1
278,85,1711,23,-1
83,287,1639,51,-1
106,204,1609,61,-1
77,281,1673,56,-1
70,244,1584,37,-1
148,195,1775,39,-1
82,247,1636,59,-1
170,284,1693,57,-1
233,270,1702,53,-1
47,227,1589,52,-1
85,202,1636,50,-1
93,217,1662,56,-1
193,310,1689,44,-1
141,213,1620,48,-1
129,236,1636,42,-1
180,278,1691,42,-1
164,135,1600,43,-1
159,162,1722,51,-1
135,196,1591,42,-1
147,294,1647,50,-1
113,197,1673,52,-1
131,209,1525,50,-1
196,91,1641,60,-1
216,205,1691,39,-1
135,160,1622,43,-1
109,154,1704,48,-1
139,279,1703,53,-1
197,317,1612,52,-1
213,182,1555,43,-1
77,332,1622,41,-1
91,226,1663,46,-1
134,352,1635,43,-1
178,318,1681,59,-1
12,312,1678,55,-1
93,285,1605,56,-1
113,282,1724,51,-1
92,301,1661,50,-1
207,338,1738,57,-1
141,261,1615,60,-1
146,251,1643,38,-1
103,263,1661,47,-1
143,301,1610,52,-1
160,220,1660,53,-1
277,223,1655,58,-1
97,316,1568,51,-1
108,148,1692,24,-1
166,346,1609,61,-1
207,263,1695,53,-1
172,315,1624,40,-1
293,79,1471,37,-1
178,225,1605,51,-1
86,351,1664,53,-1
61,194,1467,48,-1
233,238,1673,55,-1
156,379,1727,52,-1
94,177,1693,53,-1
0,224,1667,43,-1
181,303,1695,43,-1
293,308,1536,60,-1
76,280,1567,56,-1
223,164,1625,57,-1
109,251,1690,48,-1
69,249,1616,56,-1
79,237,1552,60,-1
0,284,1697,48,-1
117,226,1597,52,-1
135,326,1635,56,-1
241,281,1703,42,-1
149,236,1556,60,-1
194,305,1593,55,-1
229,378,1734,47,-1
98,286,1608,54,-1
160,308,1698,53,-1
199,231,1716,36,-1
6,153,1532,,-1
96,206,1698,3,-1
112,336,1593,5,-1
181,329,1760,15,-1
294,290,1731,10,-1
115,227,1646,4,-1
89,99,1581,,-1
132,281,1670,5,-1
152,346,1733,9,-1
148,229,1630,,-1
14,172,1562,10,-1
193,340,1666,,-1
258,268,1613,6,-1
143,285,1583,4,-1
53,149,1634,12,-1
202,347,1666,3,-1
118,257,1588,,-1
96,299,1526,13,-1
180,378,356,,-1
207,289,212,7,-1
171,319,250,22,-1
274,306,256,8,-1
124,405,148,13,-1
53,349,251,14,-1
210,290,272,14,-1
105,223,273,13,-1
68,271,256,,-1
151,192,177,25,-1
250,315,290,22,-1
233,179,216,20,-1
294,316,313,20,-1
93,218,334,17,-1
157,262,223,16,-1
210,258,335,16,-1
117,244,344,17,-1
198,355,314,11,-1
193,330,249,17,-1
116,325,200,27,-1
211,315,1636,9,-1
138,188,785,12,-1
152,383,1614,13,-1
276,205,301,15,-1
126,376,1501,25,-1
95,410,1617,19,-1
203,305,1556,19,-1
80,436,448,26,-1
179,242,412,17,-1
148,266,1557,22,-1
187,410,1682,26,-1
206,220,1635,16,-1
86,260,1565,11,-1
120,266,265,20,-1
142,391,184,17,-1
110,347,1633,19,-1
180,347,332,26,-1
229,323,293,22,-1
168,302,555,25,-1
199,412,301,28,-1
197,308,322,23,-1
133,347,1233,24,-1
214,409,305,22,-1
137,287,306,27,-1
64,329,1696,19,-1
225,397,1736,23,-1
109,331,1612,28,-1
54,299,1689,18,-1
326,297,1663,26,-1
109,384,1729,32,-1
7,299,1630,25,-1
235,361,1599,26,-1
90,333,1720,20,-1
150,334,1722,27,-1
135,413,312,23,-1
15,261,257,34,-1
171,416,1524,19,-1
198,356,1641,33,-1
275,408,1692,31,-1
229,346,1678,35,-1
206,358,1702,34,-1
120,276,1593,20,-1
182,399,1676,18,-1
164,221,1718,30,-1
226,400,1706,24,-1
172,312,1651,31,-1
173,389,1684,19,-1
153,264,1543,13,-1
196,260,1674,31,-1
214,318,1737,25,-1
189,378,1613,34,-1
220,384,1737,38,-1
146,408,1790,38,-1
228,335,1688,15,-1
63,206,1607,35,-1
189,328,1583,18,-1
211,328,1587,28,-1
193,290,1631,19,-1
99,262,1755,31,-1
169,256,1588,31,-1
262,302,1709,26,-1
175,366,1632,34,-1
266,314,1643,27,-1
195,373,1753,22,-1
253,324,1664,35,-1
136,277,1599,33,-1
183,356,1610,26,-1
239,327,1547,26,-1
215,370,1700,29,-1
110,327,1569,37,-1
93,294,1624,23,-1
172,399,1645,33,-1
220,384,1652,20,-1
254,271,1700,28,-1
112,305,1706,11,-1
211,381,1631,25,-1
151,280,1611,34,-1
191,291,1507,24,-1
189,371,1741,30,-1
192,305,0,31,-1
201,348,749,26,-1
211,242,50,30,-1
189,328,103,35,-1
188,332,1487,36,-1
206,314,1311,26,-1
265,417,1503,25,-1
301,326,1501,21,-1
274,310,1405,32,-1
227,291,1487,19,-1
184,315,1427,37,-1
231,361,1434,29,-1
266,295,1468,19,-1
200,316,1469,34,-1
229,365,1534,31,-1
224,352,77,24,-1
184,212,47,33,-1
150,236,120,29,-1
198,193,0,25,-1
236,201,241,18,-1
253,215,1529,34,-1
270,269,392,29,-1
0,183,1547,22,-1
0,209,1539,31,-1
130,220,1492,27,-1
10,191,1492,38,-1
0,263,1493,25,-1
429,99,1401,41,-1
109,279,1437,38,-1
19,184,1424,26,-1
427,129,1352,29,-1
390,208,1539,36,-1
114,94,1475,35,-1
488,273,1413,31,-1
530,168,1456,21,-1
472,185,1436,35,-1
529,102,1458,25,-1
291,88,1317,13,-1
32,0,1251,15,-1
792,0,1394,15,-1
561,344,1355,,-1
422,184,1225,29,-1
432,209,1386,23,-1
454,281,1310,25,-1
176,138,1453,29,-1
0,252,1431,27,-1
526,257,1314,28,-1
3,241,1440,30,-1
35,268,1491,28,-1
211,116,1177,40,-1
0,166,1411,12,-1
52,282,1474,26,-1
77,129,1479,14,-1
765,147,1498,25,-1
816,230,1367,25,-1
1007,311,1567,19,-1
814,258,1507,32,-1
834,247,1460,32,-1
980,381,1483,30,-1
884,207,1475,38,-1
886,141,1332,27,-1
922,112,1421,44,-1
805,138,1374,35,-1
759,225,1298,34,-1
856,199,1418,34,-1
789,182,1394,37,-1
880,286,1412,38,-1
871,151,1454,41,-1
836,259,1392,35,-1
812,223,1424,44,-1
801,232,1453,45,-1
826,207,1280,38,-1
798,231,1465,45,-1
717,187,1474,15,-1
834,128,1392,34,-1
917,174,1478,44,-1
822,222,1407,30,-1
914,228,1348,38,-1
829,268,1495,39,-1
845,353,1566,28,-1
790,155,1381,42,-1
871,267,1605,42,-1
811,252,1406,30,-1
822,376,1476,45,-1
869,296,1545,38,-1
838,326,1483,41,-1
781,333,1564,35,-1
885,228,1457,27,-1
877,200,1355,39,-1
910,367,1656,44,-1
928,331,1546,41,-1
946,334,1572,46,-1
1010,255,1648,38,-1
853,307,1499,38,-1
923,231,1525,27,-1
862,355,1603,43,-1
879,390,1725,43,-1
874,311,1684,54,-1
412,329,1600,17,-1
923,159,1633,50,-1
870,354,1651,51,-1
995,428,1495,14,-1
920,374,1624,23,-1
880,271,1646,44,-1
911,309,1486,19,-1
568,289,1639,45,-1
871,224,1708,47,-1
949,401,1559,37,-1
878,378,1671,47,-1
683,298,1611,13,-1
917,294,1551,52,-1
877,323,1657,44,-1
1083,144,1583,45,-1
964,248,1528,37,-1
1018,410,1702,41,-1
936,367,1588,46,-1
631,388,1476,26,-1
548,351,1606,47,-1
668,287,1534,32,-1
790,370,1487,34,-1
488,407,1519,41,-1
1056,445,1323,25,-1
1462,378,1438,24,-1
961,342,1467,39,-1
1104,384,1477,20,-1
1003,296,1475,35,-1
1184,549,1463,24,-1
1169,392,1423,26,-1
1207,330,1371,23,-1
1191,527,1511,13,-1
1037,613,1363,27,-1
967,419,1413,21,-1
1077,608,1413,27,-1
1100,666,1340,23,-1
1136,573,1294,9,-1
1171,588,1207,42,-1
1094,443,1427,27,-1
1212,412,1519,29,-1
1216,327,1342,19,-1
1418,302,1507,29,-1
1165,420,1416,31,-1
1078,314,1323,11,-1
964,340,1493,25,-1
1007,444,1406,26,-1
936,337,1515,18,-1
871,328,1380,,-1
998,267,1252,16,-1
992,146,1514,36,-1
919,422,1522,20,-1
943,147,1432,21,-1
972,388,1546,33,-1
901,385,1500,19,-1
850,335,1488,30,-1
897,403,1443,28,-1
928,323,1433,24,-1
1016,306,1392,25,-1
887,405,1442,20,-1
946,341,1395,29,-1
872,270,1458,34,-1
907,373,1371,23,-1
1002,459,1374,24,-1
866,386,1485,27,-1
1088,481,1494,29,-1
983,334,1366,26,-1
845,409,1460,26,-1
877,396,1385,28,-1
1002,440,1375,19,-1
857,338,1333,12,-1
924,415,1319,30,-1
872,407,1448,25,-1
945,530,1404,23,-1
898,431,1403,23,-1
898,388,1379,16,-1
867,405,1406,20,-1
891,446,1483,30,-1
891,437,1493,31,-1
896,427,1337,18,-1
811,364,1405,29,-1
900,446,1356,22,-1
841,435,1403,29,-1
867,342,1401,31,-1
894,338,1364,19,-1
833,408,1263,43,-1
914,420,1369,22,-1
906,478,1448,10,-1
833,436,1357,32,-1
831,509,1415,26,-1
687,452,1262,28,-1
793,442,1338,20,-1
871,476,1407,27,-1
854,406,1258,28,-1
814,380,1278,21,-1
669,452,0,13,-1
749,462,752,23,-1
716,525,225,11,-1
770,429,76,17,-1
791,505,1422,26,-1
865,475,1473,28,-1
694,481,1432,31,-1
693,428,1422,23,-1
830,394,1379,21,-1
789,460,1367,20,-1
727,342,1452,27,-1
819,246,1279,18,-1
745,402,1338,12,-1
821,309,1346,20,-1
849,383,1423,17,-1
771,315,1356,23,-1
771,425,1273,29,-1
822,481,1352,18,-1
921,529,1318,28,-1
790,533,1340,21,-1
797,419,1302,22,-1
714,458,136,30,-1
749,435,60,16,-1
945,361,21,3,-1
899,269,0,24,-1
709,430,104,29,-1
733,456,25,20,-1
814,360,61,22,-1
750,430,44,32,-1
812,266,0,33,-1
792,490,66,27,-1
774,491,92,26,-1
720,239,51,33,-1
841,496,34,32,-1
798,567,75,33,-1
832,317,0,28,-1
716,540,90,32,-1
817,513,154,33,-1
687,414,167,41,-1
839,648,175,31,-1
833,570,146,23,-1
898,527,149,19,-1
757,539,212,29,-1
807,539,107,29,-1
558,509,131,36,-1
771,503,103,17,-1
881,461,151,33,-1
773,540,195,30,-1
773,409,107,33,-1
840,517,157,26,-1
812,548,231,37,-1
834,558,187,28,-1
781,475,168,24,-1
808,578,94,25,-1
767,634,186,31,-1
753,602,210,30,-1
761,515,186,34,-1
818,489,190,26,-1
834,516,200,38,-1
811,529,239,33,-1
784,498,218,34,-1
714,384,149,29,-1
822,346,85,31,-1
709,505,195,36,-1
721,425,247,39,-1
884,573,294,44,-1
719,458,167,46,-1
867,424,170,31,-1
787,418,191,40,-1
786,573,145,38,-1
937,425,114,26,-1
772,518,239,39,-1
882,446,196,35,-1
729,425,1540,47,-1
821,533,1160,23,-1
723,505,1564,26,-1
803,460,1517,31,-1
831,438,1560,38,-1
800,527,1645,29,-1
729,516,1633,36,-1
791,475,1678,43,-1
750,550,1705,31,-1
820,507,1691,38,-1
772,507,1656,22,-1
754,473,1530,22,-1
806,442,1665,34,-1
879,544,1629,17,-1
839,554,1666,40,-1
787,544,1756,42,-1
755,519,1587,27,-1
794,440,1672,44,-1
781,558,1660,37,-1
877,424,1655,33,-1
814,523,1664,42,-1
779,621,1625,37,-1
737,576,1650,40,-1
771,617,1728,21,-1
877,552,1660,26,-1
888,517,1687,42,-1
841,486,1644,33,-1
759,554,1657,35,-1
831,582,1668,40,-1
824,514,1751,34,-1
837,462,1609,21,-1
901,489,1706,42,-1
720,505,1711,44,-1
772,600,1671,27,-1
930,529,1650,40,-1
741,473,1719,37,-1
753,624,1699,36,-1
769,582,1820,47,-1
814,600,1736,40,-1
869,544,166,41,-1
863,434,219,27,-1
911,459,150,26,-1
744,561,1678,39,-1
688,614,1677,40,-1
930,575,1693,22,-1
864,458,1770,35,-1
670,521,1689,26,-1
776,591,1558,34,-1
771,598,1656,24,-1
817,555,1645,27,-1
741,486,1571,32,-1
919,374,1597,29,-1
778,580,1525,27,-1
819,454,1638,35,-1
865,517,1724,23,-1
793,450,1673,37,-1
838,527,1193,28,-1
963,419,1639,23,-1
758,568,209,25,-1
747,533,253,39,-1
761,463,1493,,-1
782,572,1504,24,-1
869,513,1672,47,-1
656,456,1509,31,-1
781,490,1589,32,-1
731,568,858,37,-1
846,561,1643,43,-1
741,529,1750,41,-1
711,563,183,40,-1
850,480,1541,36,-1
871,537,398,36,-1
814,611,1276,35,-1
814,629,302,46,-1
825,564,182,43,-1
861,600,1627,33,-1
1031,539,293,37,-1
808,638,842,33,-1
854,519,97,34,-1
803,385,214,26,-1
1005,318,1529,21,-1
874,468,1669,32,-1
665,485,1655,43,-1
777,565,1649,33,-1
798,518,1575,30,-1
700,431,1657,37,-1
766,566,1670,39,-1
846,594,1651,22,-1
670,484,1692,27,-1
743,400,1635,18,-1
770,483,1523,22,-1
887,478,1655,44,-1
873,521,172,27,-1
789,524,255,32,-1
690,564,247,28,-1
990,417,208,28,-1
784,413,234,31,-1
829,439,765,22,-1
942,406,1493,26,-1
948,435,1682,36,-1
797,514,1774,31,-1
684,404,1490,35,-1
764,560,200,31,-1
835,492,1056,40,-1
704,481,227,41,-1
784,424,119,40,-1
836,499,1645,22,-1
781,493,1724,37,-1
825,540,1709,48,-1
744,524,148,35,-1
653,378,219,36,-1
794,459,174,24,-1
945,597,1562,30,-1
770,315,1670,38,-1
674,366,1573,45,-1
930,484,1643,28,-1
805,479,1617,28,-1
676,459,1539,32,-1
729,585,1565,41,-1
698,484,1590,27,-1
757,544,1569,41,-1
826,467,1590,30,-1
759,559,1616,33,-1
815,435,1557,45,-1
773,521,1688,28,-1
787,512,1661,37,-1
810,386,1561,40,-1
748,550,1586,30,-1
792,537,1592,27,-1
927,390,1575,30,-1
765,418,1496,29,-1
817,536,1561,29,-1
821,519,1553,48,-1
778,547,1579,18,-1
794,553,1562,35,-1
789,541,1628,31,-1
819,505,1520,27,-1
815,458,1573,33,-1
740,465,1597,32,-1
755,468,1577,32,-1
793,494,1492,34,-1
751,453,1542,34,-1
866,481,1475,28,-1
758,339,1446,44,-1
741,493,1484,32,-1
957,463,1489,29,-1
824,390,1543,36,-1
731,530,1496,41,-1
725,463,1496,38,-1
768,514,1559,25,-1
845,494,1464,13,-1
853,157,1514,25,-1
1047,430,1465,16,-1
825,320,1564,23,-1
806,275,1513,32,-1
750,331,1500,17,-1
847,460,1459,21,-1
964,445,1638,41,-1
725,487,1613,37,-1
747,542,1555,23,-1
806,505,1564,45,-1
953,357,1564,29,-1
762,519,1478,34,-1
779,489,1642,45,-1
750,508,1373,27,-1
876,482,1515,26,-1
765,545,1531,33,-1
679,472,1351,41,-1
670,477,1525,40,-1
834,540,1570,46,-1
813,504,1579,46,-1
759,466,1587,42,-1
863,610,1768,24,-1
863,493,1691,41,-1
800,322,1582,40,-1
798,0,1689,38,-1
859,0,1671,32,-1
950,4,1742,39,-1
784,56,1625,51,-1
782,3,1742,29,-1
816,162,1745,49,-1
794,107,1703,38,-1
850,0,1587,48,-1
675,75,1564,24,-1
803,112,1658,44,-1
800,114,1708,35,-1
858,23,1620,30,-1
748,174,1598,38,-1
848,2,1717,51,-1
821,52,1671,40,-1
764,112,1633,35,-1
870,24,1701,26,-1
763,96,1649,37,-1
824,132,1669,39,-1
818,155,1626,22,-1
846,17,1449,22,-1
779,141,1523,29,-1
892,258,1622,32,-1
744,102,1524,32,-1
842,108,1695,37,-1
766,91,57,30,-1
813,108,205,37,-1
913,117,1589,34,-1
766,23,1521,26,-1
1061,121,1557,36,-1
850,132,1565,30,-1
916,53,1605,38,-1
712,99,1581,33,-1
856,100,1461,32,-1
772,0,1560,43,-1
906,0,1668,40,-1
765,137,1548,31,-1
732,128,1554,23,-1
637,269,1689,33,-1
792,116,1564,28,-1
749,146,1525,43,-1
723,237,1566,33,-1
805,123,1569,36,-1
869,293,1634,42,-1
877,64,1640,25,-1
862,160,1529,33,-1
678,0,1659,27,-1
867,437,1583,37,-1
751,250,226,29,-1
940,544,196,23,-1
806,757,106,21,-1
755,550,202,40,-1
702,784,200,40,-1
904,821,267,41,-1
1082,743,343,47,-1
754,738,200,39,-1
936,660,256,38,-1
758,790,203,22,-1
835,740,1628,38,-1
829,706,1768,42,-1
765,777,1678,38,-1
865,792,1555,34,-1
732,67,1618,23,-1
704,92,1789,33,-1
947,726,1620,44,-1
739,707,1688,29,-1
803,671,1730,47,-1
888,700,1654,42,-1
825,701,1683,40,-1
860,761,1757,25,-1
782,698,1587,40,-1
820,720,1635,48,-1
849,644,1573,37,-1
679,655,1519,44,-1
814,788,1622,29,-1
761,756,1601,22,-1
757,668,1489,35,-1
782,732,1696,18,-1
820,724,1760,43,-1
663,707,1632,34,-1
873,698,1681,32,-1
784,713,1604,39,-1
806,615,102,24,-1
779,658,865,23,-1
815,706,184,42,-1
829,708,246,39,-1
856,753,173,13,-1
779,641,266,39,-1
803,696,250,30,-1
957,693,262,36,-1
804,655,270,42,-1
747,656,1772,30,-1
860,685,1680,46,-1
815,775,1593,42,-1
795,679,208,45,-1
776,689,154,35,-1
773,731,150,35,-1
726,674,130,32,-1
655,673,155,34,-1
700,750,239,38,-1
775,775,285,41,-1
833,553,211,34,-1
798,738,1640,34,-1
867,765,1531,35,-1
716,636,1570,34,-1
890,718,1612,18,-1
771,704,1602,39,-1
793,759,1533,30,-1
756,665,183,28,-1
869,618,183,55,-1
1049,550,1636,15,-1
943,600,1431,14,-1
842,664,1651,38,-1
777,715,235,26,-1
747,730,73,26,-1
948,484,144,39,-1
705,682,206,32,-1
723,741,181,9,-1
852,604,1518,29,-1
702,782,1438,28,-1
778,685,1599,25,-1
723,715,1565,28,-1
710,810,1441,49,-1
911,720,1466,44,-1
741,775,1560,16,-1
777,775,1601,36,-1
772,718,1576,37,-1
716,832,1620,18,-1
810,695,1443,32,-1
822,696,1597,36,-1
814,589,529,32,-1
822,708,171,31,-1
807,730,1647,32,-1
886,684,1358,27,-1
919,573,168,28,-1
839,634,219,34,-1
803,644,165,17,-1
900,756,337,46,-1
868,665,300,37,-1
751,810,198,36,-1
753,610,182,31,-1
872,667,176,29,-1
887,614,58,43,-1
761,683,215,34,-1
783,648,189,32,-1
833,624,250,40,-1
1018,806,142,37,-1
845,735,247,32,-1
804,719,280,39,-1
768,735,293,51,-1
909,767,205,32,-1
737,660,940,31,-1
797,760,1668,32,-1
811,679,1598,38,-1
772,763,1608,33,-1
823,674,1614,29,-1
798,721,1640,38,-1
924,659,1718,34,-1
814,739,1593,32,-1
760,705,1604,,-1
779,701,1660,,-1
958,695,1631,23,-1
796,796,1556,9,-1
825,762,1592,13,-1
790,789,1557,20,-1
844,780,1555,17,-1
823,665,1635,15,-1
798,719,1527,16,-1
760,720,1537,21,-1
808,703,1408,4,-1
789,698,1537,9,-1
827,690,1562,9,-1
828,733,1573,7,-1
888,499,1534,15,-1
660,708,1512,12,-1
855,745,1501,12,-1
767,683,1471,10,-1
806,682,1452,14,-1
810,610,1294,4,-1
645,624,1495,9,-1
876,671,1473,,-1
833,657,1483,19,-1
711,696,1558,24,-1
881,701,1467,22,-1
937,482,1562,27,-1
718,722,1585,25,-1
855,670,1481,23,-1
693,632,1497,22,-1
795,659,1518,22,-1
769,654,1478,30,-1
834,657,1640,13,-1
845,624,1534,6,-1
679,556,1480,17,-1
812,658,1490,9,-1
808,720,1493,17,-1
814,576,1557,27,-1
780,656,1633,19,-1
753,717,1634,26,-1
765,557,1571,16,-1
0,528,1450,12,-1
292,594,1560,19,-1
238,596,1548,19,-1
132,618,1451,18,-1
178,692,1459,7,-1
95,655,1485,29,-1
140,590,1604,24,-1
170,677,1577,24,-1
0,626,1572,22,-1
121,639,1570,16,-1
131,619,1522,29,-1
272,588,377,24,-1
342,670,188,20,-1
110,636,170,32,-1
265,626,226,18,-1
160,657,136,27,-1
238,636,233,27,-1
142,612,95,32,-1
202,597,561,30,-1
161,600,1672,28,-1
159,697,1516,18,-1
186,557,1570,18,-1
350,690,1613,20,-1
97,619,1467,6,-1
178,611,1531,8,-1
148,669,1566,29,-1
232,692,1635,14,-1
293,607,1610,25,-1
128,517,1546,24,-1
294,630,1646,25,-1
136,616,174,27,-1
218,560,268,19,-1
162,649,263,24,-1
181,674,256,31,-1
270,621,268,37,-1
98,622,206,26,-1
229,654,171,26,-1
202,604,164,34,-1
242,530,1592,25,-1
263,679,1591,10,-1
190,619,1537,33,-1
132,576,1685,27,-1
257,664,1556,26,-1
107,576,1442,17,-1
109,600,1620,26,-1
81,517,1530,28,-1
263,477,1677,32,-1
201,604,1570,32,-1
174,587,1421,23,-1
131,564,1549,16,-1
201,639,1572,2,-1
218,664,1634,27,-1
180,568,1615,23,-1
131,616,1651,22,-1
213,646,1599,26,-1
155,511,1602,22,-1
155,635,1567,11,-1
300,646,1579,26,-1
108,626,1551,22,-1
126,645,1510,9,-1
160,691,1672,10,-1
179,581,1554,19,-1
328,615,1530,27,-1
121,624,1515,6,-1
255,536,1546,24,-1
207,522,1472,17,-1
212,591,1537,22,-1
226,665,1432,26,-1
219,688,1512,22,-1
80,533,1613,21,-1
174,665,1581,19,-1
317,647,1665,19,-1
215,637,1556,24,-1
125,636,1485,17,-1
175,610,1672,20,-1
223,586,1513,21,-1
234,566,1446,21,-1
298,518,1625,31,-1
107,516,1498,27,-1
237,617,1507,20,-1
258,585,1557,31,-1
245,518,1544,18,-1
209,525,1490,29,-1
142,570,1582,24,-1
72,553,1496,27,-1
173,592,1416,27,-1
249,693,1558,16,-1
155,551,1552,8,-1
173,608,1546,27,-1
268,621,1501,28,-1
236,598,1439,27,-1
271,655,1654,20,-1
381,703,1550,32,-1
309,664,1586,25,-1
270,666,1610,29,-1
215,681,1531,27,-1
238,634,1562,18,-1
324,711,1494,22,-1
216,411,1260,2,-1
337,548,1427,21,-1
217,669,1389,30,-1
272,673,1540,30,-1
118,583,1484,35,-1
155,560,1402,27,-1
237,633,1580,30,-1
266,676,1628,36,-1
79,486,1497,36,-1
154,585,1497,25,-1
175,718,1519,10,-1
293,518,1602,28,-1
235,679,1568,39,-1
177,523,1496,15,-1
306,635,1608,25,-1
494,510,1511,33,-1
447,514,1581,37,-1
278,669,1569,34,-1
223,712,1608,29,-1
295,612,1477,25,-1
215,687,1531,21,-1
184,647,1597,24,-1
235,655,1603,27,-1
282,688,1610,23,-1
228,663,1658,39,-1
379,745,1768,40,-1
141,666,0,35,-1
305,703,38,32,-1
263,678,64,38,-1
343,710,130,31,-1
244,621,59,33,-1
241,747,47,21,-1
228,690,127,34,-1
359,636,98,29,-1
157,675,1515,7,-1
239,735,1495,35,-1
379,624,1482,36,-1
232,740,1570,34,-1
269,710,1573,36,-1
219,681,1455,25,-1
221,714,1479,23,-1
226,592,1545,38,-1
351,458,1429,19,-1
179,637,1564,20,-1
337,689,1456,33,-1
270,708,971,32,-1
239,710,17,33,-1
252,624,1393,19,-1
162,600,210,32,-1
205,633,121,33,-1
316,681,31,28,-1
18,631,78,20,-1
301,739,1439,24,-1
287,626,1543,30,-1
555,640,1640,32,-1
186,659,1455,25,-1
222,661,1518,23,-1
251,717,1519,17,-1
259,717,1534,38,-1
168,710,1473,34,-1
251,782,1493,34,-1
196,731,1528,29,-1
299,681,1537,37,-1
221,749,1564,34,-1
195,516,1348,20,-1
282,634,1505,29,-1
236,743,1516,32,-1
189,788,1584,20,-1
191,666,1457,30,-1
221,705,1471,28,-1
257,620,1513,21,-1
155,569,1526,21,-1
213,585,1372,19,-1
153,495,1450,16,-1
274,524,1524,9,-1
255,615,1496,29,-1
206,407,1494,23,-1
169,583,1498,25,-1
185,457,1338,30,-1
272,431,1525,30,-1
110,513,1334,20,-1
210,475,1497,21,-1
121,570,1548,27,-1
199,516,1416,20,-1
241,454,1522,30,-1
58,493,1373,,-1
179,515,1404,24,-1
222,564,1448,21,-1
272,480,1550,17,-1
148,361,1297,23,-1
305,557,1552,13,-1
213,507,1318,6,-1
193,545,1378,32,-1
198,525,1457,7,-1
217,501,1370,20,-1
305,510,1477,22,-1
216,491,1377,16,-1
151,574,1305,16,-1
196,495,1270,5,-1
266,579,1250,9,-1
317,456,1274,26,-1
54,503,1342,20,-1
194,559,1253,23,-1
263,549,1259,22,-1
171,554,1330,1,-1
146,437,1131,32,-1
237,483,1293,25,-1
275,355,1191,14,-1
248,386,1131,30,-1
126,335,1232,20,-1
196,374,1256,14,-1
248,495,1060,24,-1
142,446,1206,27,-1
207,360,1162,2,-1
398,426,1131,7,-1
257,510,1210,23,-1
236,386,1188,12,-1
321,452,1151,23,-1
235,440,1239,,-1
296,455,1117,35,-1
310,491,1178,22,-1
185,390,1219,28,-1
198,591,1142,31,-1
397,337,1190,32,-1
372,462,1213,25,-1
291,559,1007,26,-1
331,474,1130,16,-1
293,519,1141,26,-1
296,466,1259,38,-1
433,557,1189,24,-1
347,478,963,20,-1
345,313,1110,18,-1
362,538,1152,,-1
572,686,1019,26,-1
430,396,1270,37,-1
361,530,1242,27,-1
419,361,1056,5,-1
252,561,1220,45,-1
351,330,1144,29,-1
311,407,1138,29,-1
335,507,1267,36,-1
284,561,1273,26,-1
280,572,1188,45,-1
327,575,1293,20,-1
218,495,1240,40,-1
407,543,1302,19,-1
302,614,1382,41,-1
389,491,1337,41,-1
322,549,1340,33,-1
326,545,1357,22,-1
415,432,1352,35,-1
330,578,1455,43,-1
225,512,1342,42,-1
336,505,1401,16,-1
286,569,1423,40,-1
286,634,1278,34,-1
383,526,1455,32,-1
229,578,1454,39,-1
300,537,1588,34,-1
288,557,1550,37,-1
377,582,1503,30,-1
264,582,1541,29,-1
309,454,1455,28,-1
319,594,1447,25,-1
289,579,1499,22,-1
283,666,1589,30,-1
280,655,1479,38,-1
262,592,1400,44,-1
353,592,1467,17,-1
276,560,1418,36,-1
231,559,1495,34,-1
214,588,1438,43,-1
290,604,1429,33,-1
291,544,1459,29,-1
325,586,1187,16,-1
252,682,1517,30,-1
315,602,1518,26,-1
269,536,1440,31,-1
282,605,1477,35,-1
261,549,1463,32,-1
240,567,1179,23,-1
311,427,1605,42,-1
267,535,1515,37,-1
362,592,1478,32,-1
187,568,1385,38,-1
244,642,1552,29,-1
341,590,1555,38,-1
264,682,1440,40,-1
327,631,1511,35,-1
334,518,1470,39,-1
264,549,1450,22,-1
288,518,1475,30,-1
522,552,1501,40,-1
334,533,1532,12,-1
344,408,1292,15,-1
250,661,1562,35,-1
360,554,1517,22,-1
266,599,1514,32,-1
276,446,1528,33,-1
417,469,1368,28,-1
262,584,1403,34,-1
309,556,1433,30,-1
275,571,1345,32,-1
231,480,1355,10,-1
307,550,1480,21,-1
297,679,1336,37,-1
272,581,1513,33,-1
462,634,1515,31,-1
295,440,1360,40,-1
285,550,1290,38,-1
313,602,1325,18,-1
380,335,1262,36,-1
251,671,1362,39,-1
198,449,1212,27,-1
295,502,1304,24,-1
376,597,1410,38,-1
336,538,1401,26,-1
330,613,1459,37,-1
391,552,1429,30,-1
305,555,1369,36,-1
145,512,1369,27,-1
411,384,1218,33,-1
343,568,1370,39,-1
211,597,1488,32,-1
370,568,1368,29,-1
244,615,1382,28,-1
342,584,1485,33,-1
314,723,1423,39,-1
216,525,1410,39,-1
201,499,1321,28,-1
348,606,1321,29,-1
289,565,1364,36,-1
208,671,1389,34,-1
303,540,1300,42,-1
230,620,1436,33,-1
267,667,1516,35,-1
312,667,1526,41,-1
111,620,1566,37,-1
242,460,1520,22,-1
238,582,1363,40,-1
342,630,1547,30,-1
428,611,1540,29,-1
246,690,1572,43,-1
262,610,1552,34,-1
265,583,1484,39,-1
249,495,1449,28,-1
351,664,1483,17,-1
289,651,1452,38,-1
227,583,1588,34,-1
148,572,1468,29,-1
186,492,1465,33,-1
27,560,1558,32,-1
58,559,1469,38,-1
23,571,1551,36,-1
42,573,1598,39,-1
0,563,1495,26,-1
150,510,1565,30,-1
61,525,1638,31,-1
0,465,1479,29,-1
67,518,1469,28,-1
320,332,1412,38,-1
356,537,1531,32,-1
47,566,1483,37,-1
347,563,1474,33,-1
158,649,1602,42,-1
63,581,1595,32,-1
38,529,1407,29,-1
289,569,1453,34,-1
112,636,1451,29,-1
313,626,1526,37,-1
149,486,1492,42,-1
194,500,1477,19,-1
318,661,1438,31,-1
298,654,1528,36,-1
335,694,1591,42,-1
274,619,1529,29,-1
398,644,1571,42,-1
298,545,1549,28,-1
230,585,1495,34,-1
339,701,1410,35,-1
403,643,1607,35,-1
267,603,1555,38,-1
344,709,1583,42,-1
489,603,1526,29,-1
303,627,1558,28,-1
301,722,1637,39,-1
257,608,1564,32,-1
216,519,1458,16,-1
429,576,1547,35,-1
374,605,1628,40,-1
307,668,1518,39,-1
338,594,1446,29,-1
263,647,1502,42,-1
321,645,1555,36,-1
369,662,1527,35,-1
287,686,1513,16,-1
179,588,1316,18,-1
281,692,1534,23,-1
409,562,1484,34,-1
358,729,1333,32,-1
318,764,1493,31,-1
211,507,1518,32,-1
219,702,1439,17,-1
294,715,1547,29,-1
345,650,1267,30,-1
234,667,1446,21,-1
346,705,1568,28,-1
306,782,3,31,-1
352,650,1448,23,-1
258,573,1507,30,-1
394,758,1434,27,-1
417,705,1464,37,-1
220,619,1534,26,-1
336,619,1350,25,-1
301,616,1455,32,-1
421,685,1455,23,-1
331,706,1373,11,-1
237,702,1485,37,-1
312,688,1414,34,-1
413,699,1459,30,-1
360,865,1560,34,-1
349,761,9,8,-1
206,696,1092,32,-1
446,695,0,19,-1
292,708,56,32,-1
334,711,1553,32,-1
408,601,1623,35,-1
346,726,1564,45,-1
336,716,79,31,-1
340,754,1545,40,-1
236,693,1424,40,-1
251,668,1583,28,-1
270,623,461,24,-1
329,723,1596,33,-1
294,623,1569,27,-1
302,509,1418,25,-1
793,500,1,3,-1
387,604,1577,43,-1
343,659,1401,34,-1
201,605,1487,37,-1
246,508,1431,20,-1
330,582,1595,25,-1
259,519,1471,37,-1
327,608,1551,34,-1
437,681,1617,16,-1
244,748,1539,43,-1
325,484,1547,38,-1
288,532,1466,42,-1
359,678,1576,34,-1
458,639,1510,37,-1
307,708,1558,34,-1
408,595,1606,35,-1
342,700,1499,25,-1
355,602,1517,28,-1
353,696,1642,28,-1
271,641,1362,37,-1
311,725,1623,44,-1
288,668,1469,34,-1
303,674,1391,28,-1
375,687,1590,40,-1
276,734,1467,26,-1
201,573,1493,39,-1
301,655,1485,31,-1
287,553,1315,39,-1
283,655,1490,34,-1
336,637,1467,34,-1
376,616,1461,42,-1
332,738,1566,36,-1
281,632,1482,36,-1
347,490,1580,43,-1
258,692,1534,26,-1
347,740,1500,23,-1
422,558,1550,32,-1
412,605,1524,32,-1
221,689,1492,31,-1
220,639,1407,21,-1
218,617,1554,31,-1
339,715,1507,35,-1
170,746,1605,34,-1
481,667,1536,37,-1
258,564,27,31,-1
261,640,1592,38,-1
313,689,1473,24,-1
497,594,1620,35,-1
306,662,1642,40,-1
302,555,1475,26,-1
297,683,1519,21,-1
305,668,32,31,-1
434,633,1553,34,-1
185,601,1465,40,-1
291,588,1351,28,-1
369,561,1524,37,-1
333,751,1544,35,-1
274,707,1476,25,-1
340,702,1523,38,-1
218,706,1572,30,-1
329,672,1566,37,-1
355,677,1508,36,-1
246,606,1497,24,-1
196,602,1442,28,-1
163,683,1545,36,-1
240,661,1529,30,-1
180,751,1549,38,-1
277,755,1712,35,-1
319,680,1506,27,-1
321,433,1490,30,-1
200,697,1563,34,-1
304,738,1520,28,-1
269,671,1542,33,-1
287,691,1515,30,-1
393,551,1406,38,-1
325,514,1474,26,-1
384,785,1559,25,-1
386,671,1559,43,-1
281,748,1571,41,-1
312,693,1467,34,-1
435,661,1557,36,-1
220,698,1520,33,-1
291,0,1480,26,-1
429,0,1550,36,-1
323,16,1623,34,-1
225,0,1588,33,-1
334,22,1498,24,-1
322,72,1613,26,-1
209,0,1491,37,-1
358,104,1583,33,-1
427,2,1565,37,-1
172,0,1382,31,-1
303,287,1448,29,-1
397,136,1472,40,-1
410,216,1531,36,-1
212,203,1574,23,-1
362,241,1470,24,-1
307,264,1509,39,-1
318,201,1469,39,-1
321,273,1458,33,-1
285,230,1508,29,-1
201,280,1428,31,-1
435,244,1509,30,-1
420,210,1506,31,-1
115,143,1559,25,-1
188,171,1417,31,-1
343,294,1558,19,-1
302,277,1482,30,-1
271,102,1501,37,-1
138,256,1554,22,-1
183,275,1513,34,-1
125,257,1483,36,-1
133,253,1374,13,-1
212,188,1350,31,-1
355,247,1503,24,-1
118,176,1496,30,-1
188,127,1506,26,-1
138,227,1501,29,-1
238,192,1396,34,-1
94,236,1452,31,-1
317,177,1566,20,-1
304,311,1433,41,-1
354,280,1527,33,-1
403,270,1500,29,-1
283,181,1346,33,-1
375,231,1568,37,-1
458,151,1463,28,-1
201,193,1377,33,-1
302,268,1383,37,-1
310,217,1368,28,-1
346,238,1551,23,-1
205,252,1449,32,-1
417,234,1471,37,-1
267,204,1468,33,-1
387,145,1258,30,-1
325,168,1397,21,-1
292,217,1476,27,-1
339,210,1430,27,-1
111,152,1428,36,-1
199,210,1365,31,-1
433,191,1539,34,-1
237,191,1563,27,-1
212,224,1429,25,-1
256,177,1415,27,-1
356,126,1523,26,-1
234,268,1551,30,-1
318,165,1346,44,-1
367,314,1505,38,-1
158,203,1294,31,-1
293,243,1328,31,-1
266,87,1570,43,-1
344,277,1318,32,-1
332,283,1519,38,-1
234,190,1472,38,-1
216,207,1411,33,-1
273,139,1531,28,-1
403,202,1528,41,-1
305,240,1424,32,-1
276,200,1479,36,-1
226,254,1378,34,-1
518,168,1506,29,-1
202,193,1423,21,-1
329,237,1448,29,-1
292,210,1559,35,-1
219,188,1522,29,-1
426,224,1569,30,-1
308,154,1466,43,-1
254,207,1429,25,-1
353,224,1447,27,-1
464,57,1607,43,-1
440,200,1571,35,-1
294,250,1484,26,-1
176,99,1593,32,-1
206,161,1498,29,-1
280,309,1504,32,-1
100,20,1619,30,-1
189,280,1548,34,-1
152,200,1538,18,-1
201,246,1499,33,-1
193,154,1384,20,-1
108,173,1542,30,-1
59,226,1567,12,-1
0,100,1440,28,-1
205,120,1453,32,-1
210,159,1523,22,-1
205,22,1472,32,-1
205,153,1539,38,-1
301,229,1415,29,-1
163,49,1436,37,-1
209,120,1489,18,-1
392,82,1432,34,-1
234,130,1511,39,-1
193,114,1431,25,-1
185,52,1288,47,-1
164,116,1446,31,-1
222,117,1471,18,-1
188,176,1450,34,-1
150,148,1388,18,-1
233,97,1354,15,-1
259,0,1233,27,-1
415,132,1434,11,-1
296,199,1346,19,-1
115,184,1398,24,-1
177,101,1359,13,-1
186,131,1443,17,-1
174,147,1542,22,-1
225,175,1513,21,-1
186,56,1320,15,-1
202,87,1470,15,-1
216,95,1504,28,-1
253,130,1521,11,-1
227,92,1490,25,-1
255,47,1365,26,-1
223,122,1366,18,-1
200,107,1426,10,-1
365,0,1270,9,-1
249,174,1528,23,-1
273,181,1452,19,-1
202,241,1403,30,-1
197,173,1415,31,-1
313,210,1481,9,-1
311,331,1464,27,-1
304,172,1462,26,-1
382,130,1332,13,-1
354,268,1442,28,-1
302,185,1493,14,-1
315,181,1354,13,-1
303,310,1434,30,-1
320,179,1453,25,-1
156,271,1355,24,-1
456,273,119,25,-1
337,348,1442,23,-1
346,251,1248,30,-1
293,249,1335,25,-1
325,341,1553,19,-1
344,227,1467,20,-1
200,282,17,20,-1
373,284,1372,20,-1
378,254,1516,23,-1
263,308,1565,25,-1
482,274,1517,20,-1
339,267,836,,-1
248,225,1429,,-1
396,233,1406,6,-1
283,199,104,27,-1
358,226,117,18,-1
314,266,0,23,-1
472,225,36,2,-1
528,231,35,18,-1
311,312,119,31,-1
317,344,78,23,-1
387,228,44,27,-1
404,184,217,31,-1
209,250,119,16,-1
367,269,28,31,-1
510,215,97,30,-1
373,299,88,23,-1
195,139,0,19,-1
455,181,82,17,-1
318,377,1619,12,-1
330,286,1570,26,-1
394,146,1622,17,-1
306,392,1366,25,-1
385,337,397,33,-1
398,343,51,29,-1
328,267,125,23,-1
289,106,210,20,-1
306,275,148,12,-1
353,387,220,9,-1
369,267,238,26,-1
336,346,208,26,-1
385,339,151,28,-1
235,285,1707,25,-1
316,382,1584,21,-1
294,318,1537,30,-1
266,383,1717,17,-1
316,325,1647,22,-1
348,460,1604,14,-1
348,376,1619,27,-1
365,378,1552,17,-1
380,424,1697,14,-1
0,436,1659,24,-1
0,300,1590,24,-1
265,354,1676,25,-1
112,423,1643,21,-1
14,322,1608,23,-1
19,222,1650,17,-1
11,400,1599,20,-1
110,175,1631,26,-1
175,244,1564,14,-1
152,299,1586,26,-1
64,289,1574,36,-1
118,354,1726,20,-1
182,248,1498,21,-1
331,341,1664,21,-1
10,250,1601,2,-1
69,142,1598,31,-1
64,294,1548,20,-1
101,254,1590,17,-1
185,256,1728,27,-1
68,203,1658,21,-1
122,252,1436,13,-1
145,307,1509,26,-1
118,222,1550,23,-1
78,297,1477,34,-1
104,258,1567,27,-1
43,44,1507,23,-1
113,244,1474,21,-1
306,137,1495,24,-1
170,178,1369,16,-1
55,160,1522,23,-1
132,140,1451,19,-1
82,91,1311,27,-1
57,107,1453,24,-1
87,196,1425,20,-1
119,278,1463,28,-1
89,27,1410,21,-1
158,224,1341,22,-1
114,114,1414,28,-1
0,30,1352,28,-1
124,126,1345,21,-1
210,119,1301,31,-1
135,127,1317,24,-1
240,145,1347,16,-1
167,153,1413,33,-1
217,166,1323,19,-1
270,143,1292,18,-1
203,142,1305,26,-1
111,50,1364,27,-1
139,138,1279,25,-1
131,123,1280,28,-1
221,117,1396,23,-1
82,152,1250,15,-1
232,125,1321,22,-1
126,183,1338,28,-1
190,145,1315,30,-1
203,187,1355,7,-1
227,156,1302,30,-1
163,196,1267,15,-1
313,268,1367,10,-1
235,223,1368,19,-1
141,123,1417,38,-1
306,262,1324,23,-1
109,205,1322,14,-1
118,197,1338,27,-1
313,261,1504,28,-1
217,216,1365,30,-1
150,205,1394,17,-1
249,232,1361,26,-1
171,233,1339,16,-1
254,136,1435,22,-1
204,0,1416,25,-1
149,202,1345,32,-1
224,237,1394,10,-1
240,201,1422,36,-1
307,295,1535,34,-1
264,326,1528,30,-1
127,234,1382,30,-1
284,203,1484,27,-1
179,344,1428,18,-1
211,230,1466,34,-1
369,176,1621,26,-1
146,329,1419,19,-1
361,106,1583,27,-1
141,248,1581,20,-1
223,239,1518,23,-1
405,179,1655,28,-1
214,386,1613,29,-1
182,282,1492,32,-1
172,272,1511,11,-1
291,269,1550,27,-1
199,246,1590,19,-1
44,281,1519,28,-1
166,270,1369,26,-1
210,352,1523,29,-1
228,150,1579,29,-1
291,338,1526,34,-1
193,330,1508,32,-1
249,297,1599,29,-1
221,395,1577,34,-1
243,336,1660,36,-1
182,339,1661,24,-1
189,434,1493,20,-1
311,329,1562,35,-1
136,338,1526,28,-1
185,334,1536,31,-1
264,408,1602,23,-1
226,450,1491,35,-1
240,392,1644,37,-1
106,340,1600,49,-1
131,306,1503,21,-1
235,319,1633,24,-1
99,239,1438,29,-1
370,140,1357,10,-1
320,166,1599,14,-1
243,435,1452,27,-1
267,181,1512,14,-1
235,426,1507,27,-1
67,301,1381,20,-1
162,421,1645,38,-1
183,349,1661,30,-1
200,250,1331,19,-1
259,350,1446,38,-1
299,404,1585,23,-1
143,372,1444,34,-1
185,362,1477,6,-1
283,346,1446,24,-1
121,258,1364,21,-1
118,217,1550,40,-1
143,356,1545,35,-1
250,381,1503,42,-1
243,257,1440,33,-1
175,197,1439,34,-1
68,202,1452,30,-1
119,280,1556,25,-1
200,310,1558,25,-1
233,137,1523,34,-1
93,224,1461,8,-1
203,299,1479,25,-1
290,256,1611,21,-1
224,284,1592,39,-1
197,247,1628,32,-1
24,298,1605,29,-1
155,249,1584,31,-1
126,137,1615,34,-1
124,267,1485,23,-1
245,204,1558,26,-1
183,349,1526,37,-1
246,273,1586,29,-1
205,384,1642,39,-1
112,149,1583,33,-1
390,141,1584,24,-1
286,45,1631,,-1
320,258,1638,30,-1
186,238,1597,34,-1
252,326,1646,25,-1
160,265,1457,36,-1
187,379,0,40,-1
292,337,0,34,-1
197,412,1709,37,-1
180,294,1648,39,-1
489,241,1728,34,-1
111,310,1703,32,-1
223,267,1730,36,-1
170,233,1667,8,-1
249,330,1668,36,-1
231,287,1761,7,-1
63,253,1740,33,-1
271,369,967,41,-1
167,308,742,25,-1
137,246,23,33,-1
263,295,227,26,-1
178,361,99,24,-1
225,321,208,30,-1
180,221,41,31,-1
200,223,1523,22,-1
351,227,1640,27,-1
175,209,1690,31,-1
114,204,1593,37,-1
215,365,1649,9,-1
219,212,1612,32,-1
203,216,1744,35,-1
270,312,1580,32,-1
242,277,1753,35,-1
238,395,1725,38,-1
200,304,1576,21,-1
189,251,1607,31,-1
155,301,1635,34,-1
243,20,1568,40,-1
226,290,1568,32,-1
263,300,1668,33,-1
288,178,1586,37,-1
136,286,1567,20,-1
269,219,1509,35,-1
231,315,1617,40,-1
217,221,1600,27,-1
196,191,1665,30,-1
231,257,1601,36,-1
183,205,1515,27,-1
145,175,1581,41,-1
347,297,1588,25,-1
218,318,1616,33,-1
219,253,1643,33,-1
212,176,1599,33,-1
191,340,1586,45,-1
271,275,1654,38,-1
234,227,1713,53,-1
226,340,1588,32,-1
187,252,1641,31,-1
270,284,1665,37,-1
229,288,1666,32,-1
212,364,1777,35,-1
274,343,1724,32,-1
211,321,1798,34,-1
221,352,1790,36,-1
165,403,1793,37,-1
192,358,1730,37,-1
178,336,1629,30,-1
129,268,1780,38,-1
146,258,1699,41,-1
185,358,1749,28,-1
157,351,1519,36,-1
168,324,1694,33,-1
224,352,1695,35,-1
252,415,1733,37,-1
126,375,1751,38,-1
176,354,1684,41,-1
233,365,1745,36,-1
148,267,1722,40,-1
100,413,1627,34,-1
267,286,1734,34,-1
259,380,1672,21,-1
213,304,1764,44,-1
218,368,1845,31,-1
153,255,1665,40,-1
172,164,1755,35,-1
299,355,1763,28,-1
242,376,1801,22,-1
201,370,1822,39,-1
148,411,1701,19,-1
305,214,1673,34,-1
336,132,1745,29,-1
267,258,1713,20,-1
279,107,1640,13,-1
384,178,1554,16,-1
195,322,1882,16,-1
277,207,1657,25,-1
152,328,1718,37,-1
140,272,1571,33,-1
251,344,1693,26,-1
378,344,1880,42,-1
203,220,1582,39,-1
113,289,1621,36,-1
181,289,1673,31,-1
182,343,1698,39,-1
295,359,1779,36,-1
191,268,1659,44,-1
198,343,1735,30,-1
109,298,1785,48,-1
144,374,1612,28,-1
272,256,1621,39,-1
297,444,1755,36,-1
212,217,1431,26,-1
221,234,1712,37,-1
183,376,1691,30,-1
293,335,1642,31,-1
219,360,1739,30,-1
262,309,1709,29,-1
125,171,1623,41,-1
346,368,1680,26,-1
214,409,1678,35,-1
162,391,1629,30,-1
100,364,1621,37,-1
195,374,1504,12,-1
341,343,1741,33,-1
347,320,1717,17,-1
330,400,1515,16,-1
38,253,1619,37,-1
297,348,1692,20,-1
163,386,1681,36,-1
159,358,1741,34,-1
75,373,1737,39,-1
194,380,1696,31,-1
149,334,1749,36,-1
106,334,1635,23,-1
229,425,1617,34,-1
52,408,1548,35,-1
135,321,1618,21,-1
262,267,1728,23,-1
94,464,1724,33,-1
184,391,1676,31,-1
207,432,1693,35,-1
181,408,1546,6,-1
212,216,1440,28,-1
275,437,1710,37,-1
298,424,1702,31,-1
160,432,1774,34,-1
333,399,1676,27,-1
335,363,1602,36,-1
231,465,1684,24,-1
200,211,1751,10,-1
193,391,1740,37,-1
243,431,1724,42,-1
269,324,1659,33,-1
186,434,1592,27,-1
57,300,1675,33,-1
260,404,1627,26,-1
207,378,1680,41,-1
299,464,1635,31,-1
164,465,1584,17,-1
197,182,1702,29,-1
214,404,1788,38,-1
202,391,1555,17,-1
211,370,1685,29,-1
212,347,1545,21,-1
273,332,1800,18,-1
230,295,1630,33,-1
128,232,1604,25,-1
18,162,1625,30,-1
23,332,1637,35,-1
295,333,1542,13,-1
335,277,1667,21,-1
417,380,1743,35,-1
273,278,1500,46,-1
0,112,1440,17,-1
362,299,1709,24,-1
357,353,1661,33,-1
0,276,1649,24,-1
382,386,1547,20,-1
365,355,1575,27,-1
0,229,1695,21,-1
269,161,1353,33,-1
379,157,1282,6,-1
284,277,1557,26,-1
369,388,1423,24,-1
428,109,1489,18,-1
378,340,1507,28,-1
383,305,1383,16,-1
396,251,1575,25,-1
436,407,1605,27,-1
479,291,1614,13,-1
348,392,1632,28,-1
400,201,1594,25,-1
459,388,1607,27,-1
356,337,1634,29,-1
407,354,1696,29,-1
489,454,1715,21,-1
467,230,1512,26,-1
428,289,1555,13,-1
380,356,1634,28,-1
434,271,1686,19,-1
462,301,1587,26,-1
202,175,1620,18,-1
438,353,1644,20,-1
555,421,1684,30,-1
371,344,1738,38,-1
416,372,1773,34,-1
394,413,1775,36,-1
425,375,1682,23,-1
347,371,1571,23,-1
482,259,1559,4,-1
430,365,1608,22,-1
283,259,1627,21,-1
381,383,1583,24,-1
244,327,1587,29,-1
364,186,1571,25,-1
534,224,1532,20,-1
346,298,1502,18,-1
468,287,296,25,-1
312,270,1642,28,-1
409,308,1527,14,-1
434,218,1600,35,-1
497,338,1656,23,-1
398,379,1693,28,-1
372,392,1665,21,-1
328,256,1656,31,-1
341,372,222,23,-1
288,389,237,31,-1
411,297,166,19,-1
451,311,265,24,-1
381,176,252,28,-1
360,394,228,23,-1
278,261,155,34,-1
326,377,1566,17,-1
427,400,707,25,-1
368,410,1636,28,-1
388,346,1598,21,-1
389,431,1628,24,-1
361,404,1607,28,-1
371,303,1706,10,-1
420,397,1657,26,-1
433,334,1532,34,-1
326,362,691,15,-1
286,298,222,36,-1
566,374,745,31,-1
319,278,1578,28,-1
326,333,1598,31,-1
498,340,1596,6,-1
335,266,1632,26,-1
173,175,1528,15,-1
288,313,1683,25,-1
378,266,1395,31,-1
381,81,1584,30,-1
456,421,1535,4,-1
359,246,1644,36,-1
598,340,1603,28,-1
458,307,1535,23,-1
178,282,1462,34,-1
288,344,1642,30,-1
122,392,1500,29,-1
411,200,1656,29,-1
325,429,1648,31,-1
311,248,1580,25,-1
377,323,1634,24,-1
349,345,1549,36,-1
158,325,1545,21,-1
114,313,1524,27,-1
43,244,1390,26,-1
123,347,1540,17,-1
254,303,1499,20,-1
396,221,1425,27,-1
366,168,1539,24,-1
453,195,1472,8,-1
384,315,1607,30,-1
437,181,1499,41,-1
308,237,1585,25,-1
327,239,1463,30,-1
337,250,1475,14,-1
318,265,1502,27,-1
177,294,81,29,-1
220,321,148,30,-1
279,240,177,27,-1
318,198,157,33,-1
409,193,121,7,-1
516,272,130,20,-1
350,304,1537,29,-1
354,339,1682,26,-1
356,320,1472,17,-1
263,209,1618,28,-1
234,240,1602,25,-1
366,247,1618,22,-1
310,222,1600,18,-1
371,350,1514,21,-1
389,322,1643,34,-1
405,135,1576,16,-1
343,319,1644,19,-1
351,205,1645,27,-1
368,339,1644,26,-1
268,193,1470,21,-1
344,285,1560,6,-1
407,268,1616,8,-1
369,218,1554,33,-1
286,311,1661,21,-1
324,269,1591,17,-1
352,133,1425,31,-1
306,171,1613,11,-1
302,308,1551,23,-1
352,333,1669,22,-1
317,379,1660,11,-1
305,332,1546,20,-1
342,153,1716,18,-1
319,216,1646,25,-1
423,211,1489,22,-1
528,65,1567,21,-1
381,221,1509,22,-1
367,310,1546,21,-1
214,309,209,29,-1
316,360,237,12,-1
412,165,166,3,-1
382,364,208,13,-1
394,237,111,,-1
542,9,188,10,-1
251,306,164,27,-1
373,389,113,19,-1
403,309,1566,36,-1
344,254,123,11,-1
209,270,1448,34,-1
201,283,1535,43,-1
376,296,1494,15,-1
257,218,1506,36,-1
298,279,1597,28,-1
285,241,1517,31,-1
406,151,1465,36,-1
353,297,1540,14,-1
288,281,1510,34,-1
543,253,1539,32,-1
287,299,1570,19,-1
313,313,1506,33,-1
173,123,1496,34,-1
319,314,1493,39,-1
399,320,1483,25,-1
302,296,1552,33,-1
406,327,1480,7,-1
372,276,1495,28,-1
337,215,1616,37,-1
354,395,1522,23,-1
274,262,1567,38,-1
413,351,1616,41,-1
417,145,1334,23,-1
358,255,1695,36,-1
328,277,1595,4,-1
325,226,1576,32,-1
280,260,1604,18,-1
449,246,1531,14,-1
324,174,1484,28,-1
285,270,1638,22,-1
396,189,1496,22,-1
337,340,1530,26,-1
354,257,1579,14,-1
408,290,1529,20,-1
453,242,1615,27,-1
323,284,1601,24,-1
310,296,1535,28,-1
370,257,1588,32,-1
283,378,1544,15,-1
317,254,891,23,-1
283,202,1561,27,-1
342,0,1505,21,-1
325,0,1649,19,-1
340,44,1612,28,-1
333,35,1437,32,-1
461,45,1169,36,-1
388,71,1579,17,-1
333,46,1550,11,-1
241,0,1694,21,-1
292,109,1654,27,-1
344,167,1689,32,-1
310,190,1631,32,-1
351,0,1501,17,-1
278,178,1584,10,-1
313,165,285,28,-1
317,104,1700,27,-1
294,0,1624,26,-1
349,272,1709,23,-1
366,146,1582,34,-1
323,162,1545,11,-1
392,309,1679,36,-1
213,249,1686,25,-1
559,303,1725,32,-1
373,363,1805,24,-1
345,182,1627,25,-1
504,210,1710,31,-1
384,226,1659,27,-1
172,128,1611,37,-1
308,272,1634,22,-1
335,330,1599,48,-1
350,319,1695,30,-1
265,304,1720,24,-1
364,225,1703,24,-1
142,329,1727,35,-1
201,339,1738,32,-1
159,292,1658,33,-1
50,226,1632,28,-1
111,342,1608,26,-1
103,309,1757,38,-1
49,389,1691,35,-1
327,248,1604,30,-1
224,46,1595,4,-1
362,313,1762,33,-1
367,259,1590,37,-1
391,254,1768,34,-1
348,109,1501,27,-1
441,210,1671,42,-1
529,206,1746,40,-1
280,373,1680,38,-1
252,99,1541,24,-1
451,313,1667,23,-1
330,343,1752,33,-1
378,100,1702,36,-1
328,279,1691,40,-1
328,272,1655,36,-1
195,319,1628,22,-1
209,201,1691,37,-1
362,338,1713,29,-1
84,296,1808,37,-1
270,193,1573,44,-1
439,281,1698,36,-1
311,340,1793,41,-1
234,307,1761,34,-1
311,327,1719,38,-1
367,272,1795,28,-1
315,205,1443,24,-1
300,291,1712,33,-1
366,315,1715,43,-1
428,217,1687,30,-1
0,284,1705,30,-1
826,340,1764,38,-1
910,277,1669,32,-1
785,211,1623,30,-1
804,389,1793,11,-1
755,288,1752,37,-1
845,358,1809,24,-1
744,353,1587,24,-1
782,332,1817,39,-1
769,339,1818,39,-1
826,273,1731,28,-1
1007,359,1670,43,-1
769,321,1635,23,-1
847,375,1685,31,-1
973,450,1697,42,-1
770,287,1642,11,-1
738,356,1719,30,-1
735,458,1766,30,-1
932,378,1013,16,-1
755,329,217,29,-1
784,277,1681,14,-1
933,320,221,28,-1
739,352,273,36,-1
762,399,1734,27,-1
706,283,1735,14,-1
829,364,257,25,-1
816,462,1701,29,-1
804,443,1699,30,-1
730,356,1803,11,-1
733,330,564,,-1
951,346,305,37,-1
851,408,230,36,-1
816,410,1004,32,-1
1016,55,1719,27,-1
711,428,1794,26,-1
781,401,1779,28,-1
995,294,1810,41,-1
756,372,1723,32,-1
843,369,1765,33,-1
754,354,1756,37,-1
761,414,1623,34,-1
732,277,1543,28,-1
909,337,1653,31,-1
752,392,1544,24,-1
852,254,1571,14,-1
775,403,1671,20,-1
799,247,1647,39,-1
768,282,1629,37,-1
852,353,1691,35,-1
809,376,1763,35,-1
858,366,1722,36,-1
927,418,1744,32,-1
979,330,1724,48,-1
817,339,1722,32,-1
797,381,1655,40,-1
756,192,1671,40,-1
911,279,1794,41,-1
811,394,1603,23,-1
790,291,1704,34,-1
739,336,1697,30,-1
800,370,1696,30,-1
832,223,1608,35,-1
775,347,1645,27,-1
771,328,1607,28,-1
968,151,1608,21,-1
888,148,1530,8,-1
811,352,1605,40,-1
739,258,1696,30,-1
687,251,1547,29,-1
613,311,1639,33,-1
843,346,1779,34,-1
664,126,1646,23,-1
812,288,1625,39,-1
360,351,1792,35,-1
902,272,1628,35,-1
857,374,1767,36,-1
787,392,1601,21,-1
839,99,1787,36,-1
765,275,1836,45,-1
767,341,1762,36,-1
944,299,1790,35,-1
761,252,1686,32,-1
794,227,1623,33,-1
910,334,1799,35,-1
756,330,1790,33,-1
846,334,1697,35,-1
733,267,1752,36,-1
758,158,1737,39,-1
806,321,1660,34,-1
668,321,1707,31,-1
764,271,1554,28,-1
830,339,1728,37,-1
683,282,1725,,-1
894,43,1602,2,-1
798,259,1713,6,-1
843,225,1708,,-1
824,165,1732,27,-1
818,292,1690,16,-1
865,309,1889,21,-1
891,207,1760,15,-1
722,186,1752,23,-1
945,227,1723,14,-1
976,92,1777,29,-1
895,247,1852,21,-1
783,222,1651,17,-1
980,174,1636,10,-1
712,143,1678,19,-1
746,176,1713,15,-1
822,177,1750,25,-1
688,141,1694,27,-1
769,138,1764,39,-1
806,99,1659,27,-1
708,266,1716,22,-1
835,291,1786,17,-1
809,237,1645,18,-1
827,182,1676,13,-1
856,151,1645,20,-1
656,169,1685,10,-1
889,261,1726,16,-1
795,242,1677,25,-1
738,278,1834,18,-1
729,136,1567,26,-1
766,225,1601,19,-1
845,135,1834,18,-1
730,262,1697,22,-1
915,270,1690,21,-1
745,210,1544,19,-1
941,243,1691,22,-1
752,208,1660,8,-1
669,261,1646,,-1
847,282,1715,22,-1
844,261,1666,10,-1
679,288,1598,21,-1
1027,170,1689,16,-1
733,310,1693,13,-1
812,392,1719,22,-1
993,286,1725,25,-1
728,303,1551,11,-1
736,111,1713,15,-1
869,323,1735,12,-1
683,256,1520,23,-1
761,258,1650,25,-1
797,398,1690,27,-1
810,223,1481,24,-1
800,326,1681,22,-1
766,381,1677,22,-1
796,347,1794,28,-1
1065,178,1610,29,-1
885,232,1637,5,-1
1141,60,1695,7,-1
922,239,1595,22,-1
816,245,1543,13,-1
958,296,1611,18,-1
727,263,1653,,-1
732,347,1615,22,-1
849,180,1625,8,-1
761,142,1669,13,-1
859,251,1542,10,-1
984,269,1680,12,-1
942,271,1605,16,-1
700,141,1460,18,-1
713,132,1486,18,-1
856,203,1386,,-1
868,139,1507,32,-1
767,218,1520,24,-1
681,168,1259,37,-1
848,288,1603,26,-1
752,305,1651,20,-1
769,235,1424,21,-1
835,104,1503,45,-1
827,285,1556,7,-1
789,222,1479,36,-1
782,367,1671,37,-1
803,294,1652,23,-1
791,166,1520,34,-1
855,312,1563,6,-1
836,296,1512,27,-1
752,284,1599,27,-1
805,207,1554,12,-1
738,369,1577,31,-1
804,272,1588,26,-1
871,180,1568,14,-1
782,306,1515,15,-1
1002,189,1593,26,-1
795,238,1568,30,-1
769,308,1424,19,-1
784,135,1611,25,-1
702,236,1385,26,-1
839,245,1614,27,-1
784,215,1574,31,-1
868,194,1627,23,-1
849,288,1647,30,-1
779,334,1708,25,-1
943,280,1520,40,-1
792,295,1682,39,-1
771,231,1678,45,-1
853,109,1613,40,-1
781,250,1649,37,-1
840,304,1662,33,-1
820,315,1672,33,-1
717,220,1768,34,-1
835,288,1624,25,-1
715,223,1629,35,-1
743,57,1623,29,-1
790,202,1533,33,-1
868,129,1687,46,-1
869,183,1655,42,-1
784,296,1688,35,-1
737,235,1670,40,-1
902,313,1664,35,-1
808,252,1616,26,-1
851,243,1736,40,-1
770,224,1524,23,-1
924,94,1702,28,-1
763,250,1647,37,-1
717,155,1549,17,-1
829,259,1704,33,-1
729,377,1631,31,-1
842,158,1660,39,-1
848,313,1671,46,-1
743,332,1606,38,-1
781,91,1544,40,-1
748,318,1699,56,-1
762,209,1437,17,-1
838,289,1620,35,-1
688,240,1662,30,-1
721,248,1564,47,-1
817,359,1595,33,-1
703,197,1781,35,-1
819,302,1531,39,-1
720,221,1740,33,-1
878,295,1801,22,-1
803,181,1671,39,-1
803,288,1681,38,-1
898,295,1583,41,-1
747,216,1657,30,-1
758,217,1569,29,-1
914,248,1740,26,-1
730,210,1684,38,-1
700,257,1591,28,-1
840,227,1540,32,-1
817,323,1613,25,-1
864,263,1583,17,-1
905,0,1429,28,-1
859,164,1550,46,-1
768,213,1485,45,-1
830,41,1638,30,-1
681,283,1560,28,-1
768,269,1663,30,-1
942,286,1486,14,-1
733,296,1497,19,-1
861,275,1491,37,-1
786,298,1455,38,-1
787,307,1546,26,-1
842,287,1549,37,-1
659,290,1388,31,-1
807,297,1455,26,-1
824,318,1474,39,-1
1139,171,1554,26,-1
810,179,1410,34,-1
708,246,1473,50,-1
732,242,1553,28,-1
886,347,1439,27,-1
851,275,1565,34,-1
808,275,1501,32,-1
852,168,1395,36,-1
745,241,1422,45,-1
726,279,1459,20,-1
895,199,1294,33,-1
1045,292,1557,37,-1
830,309,1567,34,-1
813,129,1549,41,-1
758,316,1590,43,-1
782,268,1527,31,-1
892,0,1378,21,-1
832,400,1458,20,-1
835,510,1491,28,-1
839,486,1562,38,-1
743,427,1664,33,-1
762,395,1570,21,-1
829,481,1552,35,-1
948,488,1511,32,-1
798,462,1517,30,-1
785,445,1638,36,-1
906,398,1600,35,-1
834,457,1761,36,-1
756,379,1664,38,-1
769,302,1527,36,-1
735,382,1611,32,-1
687,447,1626,33,-1
862,440,1515,34,-1
809,392,1672,39,-1
806,510,1693,41,-1
723,451,1657,44,-1
900,469,1669,47,-1
819,475,1699,40,-1
799,362,1604,35,-1
655,484,1696,39,-1
989,537,1666,35,-1
842,504,1728,37,-1
800,476,1689,35,-1
935,410,1654,41,-1
844,522,1667,24,-1
799,395,1636,30,-1
854,332,1580,40,-1
847,528,1754,40,-1
696,460,1562,23,-1
820,491,1488,45,-1
804,487,851,42,-1
948,478,0,40,-1
793,489,61,36,-1
858,478,95,30,-1
750,545,23,36,-1
769,584,64,49,-1
766,540,1605,30,-1
953,348,1165,33,-1
857,534,1607,42,-1
713,411,1734,26,-1
838,573,1591,42,-1
909,485,1634,44,-1
815,341,1588,26,-1
806,483,1551,43,-1
772,626,1578,45,-1
772,585,1554,43,-1
789,463,67,42,-1
757,496,4,42,-1
858,556,70,39,-1
751,634,46,57,-1
801,570,112,41,-1
822,543,0,42,-1
938,586,67,41,-1
743,489,71,14,-1
772,550,92,51,-1
873,546,0,41,-1
778,422,67,39,-1
770,477,22,45,-1
757,568,89,33,-1
848,608,68,55,-1
722,534,1558,47,-1
920,561,1650,47,-1
718,624,1575,33,-1
865,515,1607,33,-1
771,732,1565,38,-1
837,621,1535,34,-1
698,583,1626,41,-1
756,638,1528,21,-1
760,532,1499,34,-1
786,619,1527,36,-1
843,611,1516,44,-1
740,404,1511,48,-1
775,707,1499,42,-1
782,585,1551,37,-1
895,561,1570,40,-1
946,551,1620,46,-1
780,512,1535,44,-1
935,571,1505,26,-1
741,573,1431,35,-1
746,630,1576,43,-1
689,626,1590,28,-1
815,545,1559,33,-1
792,561,1558,35,-1
799,631,1544,25,-1
753,658,1485,41,-1
652,428,1461,36,-1
833,618,1527,21,-1
747,585,1351,29,-1
861,470,1481,29,-1
809,562,1383,18,-1
767,523,1442,31,-1
781,446,1428,37,-1
740,465,1218,19,-1
870,500,1344,20,-1
711,470,1384,24,-1
873,422,1350,30,-1
740,398,1371,32,-1
799,507,1380,21,-1
845,451,1313,29,-1
879,484,1440,27,-1
766,469,1405,15,-1
751,394,1358,40,-1
663,466,1436,25,-1
779,414,1412,18,-1
732,422,1432,33,-1
755,413,1443,23,-1
857,368,1359,31,-1
774,429,1383,37,-1
776,533,1528,32,-1
821,514,1534,42,-1
774,405,1453,17,-1
762,465,1533,25,-1
933,347,1479,44,-1
814,506,1505,35,-1
742,504,1577,37,-1
777,329,1452,38,-1
803,405,1538,36,-1
670,370,1389,24,-1
732,361,1392,44,-1
788,328,1413,28,-1
763,460,1324,29,-1
843,391,1459,33,-1
684,461,1646,35,-1
853,244,1409,35,-1
776,379,1475,7,-1
846,369,1544,30,-1
781,348,1394,27,-1
673,422,1563,34,-1
808,412,1351,25,-1
726,447,1530,36,-1
684,465,1530,32,-1
986,305,1477,18,-1
673,421,1635,20,-1
703,218,1518,34,-1
791,370,1503,31,-1
781,314,1520,36,-1
690,346,1505,43,-1
868,487,1403,19,-1
1043,325,1549,11,-1
853,334,1442,30,-1
707,430,1448,32,-1
746,361,1605,19,-1
794,314,1362,21,-1
899,79,1441,24,-1
864,251,1420,30,-1
829,398,1397,33,-1
757,310,1520,35,-1
823,534,1550,26,-1
827,437,1637,18,-1
750,578,1564,30,-1
0,523,1592,12,-1
0,533,1532,28,-1
662,446,1505,32,-1
697,489,1403,31,-1
753,539,1460,27,-1
722,559,1522,27,-1
848,649,1613,41,-1
676,640,1525,45,-1
762,625,1571,34,-1
810,477,1418,28,-1
598,625,1486,35,-1
750,593,1542,27,-1
655,587,1574,37,-1
796,450,1480,35,-1
480,503,1477,22,-1
663,442,1516,34,-1
517,527,1560,21,-1
755,521,1503,27,-1
662,422,1545,39,-1
799,457,1654,41,-1
707,407,1371,31,-1
752,358,1565,33,-1
708,560,1552,15,-1
751,514,1459,29,-1
683,475,1466,41,-1
743,495,1493,22,-1
721,506,1484,42,-1
707,513,1519,32,-1
735,470,1565,29,-1
644,298,1428,29,-1
700,483,1537,35,-1
746,407,1470,32,-1
864,508,1563,29,-1
795,361,1665,23,-1
653,433,1432,27,-1
781,431,1534,28,-1
865,365,1532,29,-1
776,470,1532,23,-1
642,439,1615,30,-1
757,520,1528,22,-1
545,206,1496,13,-1
720,409,1604,34,-1
712,511,1499,8,-1
661,467,1565,34,-1
729,443,1589,35,-1
749,413,1382,27,-1
820,510,1479,26,-1
786,526,1500,28,-1
783,520,1522,38,-1
779,524,1477,35,-1
751,515,1394,21,-1
756,336,1471,36,-1
513,467,1399,29,-1
0,497,1649,29,-1
0,507,1618,36,-1
14,428,1508,39,-1
608,509,1470,36,-1
848,491,1605,18,-1
669,401,1517,41,-1
935,482,1551,39,-1
821,401,1658,39,-1
847,570,1569,36,-1
808,427,1509,34,-1
708,457,1552,15,-1
726,452,1507,37,-1
847,431,1528,35,-1
668,455,1516,35,-1
843,555,1487,18,-1
845,485,1539,27,-1
866,509,1563,27,-1
934,427,1527,37,-1
498,417,67,40,-1
829,496,138,28,-1
840,448,1437,37,-1
732,470,1612,43,-1
845,421,1715,32,-1
846,426,1640,38,-1
797,469,1640,36,-1
714,383,1524,16,-1
793,494,103,25,-1
711,426,130,26,-1
785,459,1545,35,-1
768,443,1547,39,-1
852,330,1554,38,-1
766,427,73,31,-1
1079,458,169,33,-1
837,405,106,7,-1
748,426,37,39,-1
910,354,1443,54,-1
734,504,1450,23,-1
775,456,1678,22,-1
987,399,1653,30,-1
825,588,1608,29,-1
858,409,1507,37,-1
763,482,1540,19,-1
777,420,1418,17,-1
895,501,1543,32,-1
750,503,1477,31,-1
797,528,1547,36,-1
835,453,1488,21,-1
856,469,1538,26,-1
867,566,1597,44,-1
714,540,1611,39,-1
811,431,1505,33,-1
811,603,1494,42,-1
704,472,1457,14,-1
807,518,1505,25,-1
406,504,1551,37,-1
494,521,1589,37,-1
854,556,1481,38,-1
793,484,1461,32,-1
731,504,1466,21,-1
637,501,1396,35,-1
445,462,1545,31,-1
762,585,1380,44,-1
909,487,1511,33,-1
772,459,1423,38,-1
874,441,1444,32,-1
832,423,1522,27,-1
822,572,1469,29,-1
934,510,1433,33,-1
860,537,1505,32,-1
795,517,1425,31,-1
855,493,1358,35,-1
838,584,1403,33,-1
803,495,1401,18,-1
814,446,1442,34,-1
868,534,1464,28,-1
708,399,1501,36,-1
826,410,1440,18,-1
847,466,1537,27,-1
834,393,1474,36,-1
681,243,1424,15,-1
791,412,1428,28,-1
722,414,1251,33,-1
908,481,1459,32,-1
860,515,1376,19,-1
745,232,1374,33,-1
1031,411,1456,13,-1
858,433,1459,11,-1
800,362,1503,32,-1
887,278,1360,31,-1
790,428,1391,21,-1
828,396,1409,28,-1
780,445,1486,22,-1
832,450,1455,27,-1
757,380,1397,29,-1
711,314,1376,28,-1
30,422,1473,22,-1
986,526,1455,37,-1
878,390,1376,21,-1
858,342,1374,27,-1
694,422,1375,26,-1
816,400,1451,18,-1
796,450,1407,31,-1
689,319,1529,43,-1
933,364,1381,24,-1
824,523,1522,20,-1
844,383,1334,20,-1
881,550,1432,26,-1
773,446,1432,23,-1
905,287,1331,20,-1
714,441,1441,17,-1
799,432,1426,43,-1
788,532,1422,24,-1
755,407,1581,27,-1
887,516,1469,21,-1
793,494,1344,20,-1
673,495,1368,31,-1
720,523,1342,6,-1
835,544,1454,17,-1
812,469,1450,19,-1
906,419,1264,22,-1
865,354,1373,16,-1
831,552,1495,26,-1
907,454,1436,22,-1
859,396,708,24,-1
708,481,1416,28,-1
800,530,1445,20,-1
896,309,1449,22,-1
763,422,1531,10,-1
790,358,1506,34,-1
736,478,1510,29,-1
839,545,1450,28,-1
808,466,1487,32,-1
911,475,1546,33,-1
772,424,1396,29,-1
782,441,1383,23,-1
733,395,1551,16,-1
847,477,1595,29,-1
882,382,1506,15,-1
789,413,1519,12,-1
826,513,1543,26,-1
928,521,1468,19,-1
872,584,1571,3,-1
918,537,1636,31,-1
764,470,1708,33,-1
849,570,1526,27,-1
838,268,1593,14,-1
885,464,1639,29,-1
793,518,139,21,-1
777,404,81,29,-1
828,549,0,26,-1
785,510,1649,32,-1
824,588,1698,38,-1
932,424,1637,11,-1
889,585,1654,26,-1
827,566,1657,35,-1
775,445,1556,31,-1
628,642,1644,40,-1
685,575,1587,28,-1
666,485,1443,23,-1
935,536,1603,28,-1
945,500,1657,29,-1
655,581,1592,29,-1
764,544,1567,22,-1
758,574,1527,21,-1
690,686,1455,14,-1
648,627,1600,18,-1
479,0,1541,30,-1
559,0,1546,27,-1
763,6,1556,31,-1
834,0,1543,28,-1
864,0,1532,22,-1
815,80,1531,36,-1
824,0,1535,33,-1
815,211,1527,37,-1
835,163,1561,23,-1
844,85,1553,28,-1
870,167,1615,41,-1
874,43,1557,7,-1
1133,0,1435,19,-1
953,371,1547,48,-1
828,393,1608,17,-1
901,232,1564,28,-1
785,465,1495,15,-1
793,383,1549,30,-1
907,472,1568,37,-1
746,437,1589,28,-1
717,403,1321,31,-1
799,450,1533,33,-1
968,451,1557,25,-1
802,479,1647,35,-1
667,387,1584,17,-1
944,473,1639,41,-1
881,441,1672,41,-1
71,318,1494,27,-1
714,473,1503,28,-1
731,408,1643,35,-1
77,428,1516,8,-1
91,440,1466,31,-1
19,418,1718,33,-1
0,379,1594,33,-1
112,322,1543,28,-1
92,432,1522,22,-1
58,377,1551,32,-1
0,329,1500,39,-1
58,402,1578,26,-1
85,405,1580,32,-1
108,288,1587,35,-1
84,481,1551,32,-1
0,354,1387,44,-1
83,367,1497,35,-1
107,414,1693,29,-1
124,325,1640,27,-1
116,308,1538,21,-1
113,400,1773,33,-1
362,355,170,34,-1
990,300,204,30,-1
848,365,1557,35,-1
988,422,1689,16,-1
996,389,898,30,-1
845,430,418,27,-1
910,440,683,20,-1
911,524,174,25,-1
890,397,175,25,-1
730,352,1508,16,-1
792,483,1590,19,-1
903,300,1574,30,-1
911,405,1539,28,-1
961,500,1649,29,-1
902,326,1546,30,-1
846,419,1670,9,-1
961,422,1648,23,-1
871,420,1517,29,-1
852,461,1756,22,-1
917,420,1552,27,-1
813,405,1621,25,-1
872,404,1550,,-1
835,399,1557,51,-1
1084,441,1645,25,-1
980,455,1603,14,-1
1003,478,1676,38,-1
880,422,181,27,-1
826,412,126,53,-1
893,374,1715,37,-1
866,408,1662,38,-1
837,404,1750,31,-1
824,352,1614,29,-1
927,482,1676,39,-1
856,339,1660,39,-1
866,441,1701,48,-1
852,434,1763,30,-1
849,331,1662,33,-1
782,411,1753,33,-1
930,377,1618,34,-1
922,345,1654,40,-1
789,452,155,35,-1
948,394,218,33,-1
979,411,200,42,-1
807,297,573,17,-1
870,352,90,38,-1
923,491,220,29,-1
972,425,1612,28,-1
907,527,1544,24,-1
1051,475,1645,39,-1
895,451,1559,34,-1
872,492,1633,26,-1
967,482,1699,38,-1
847,484,1400,24,-1
934,501,1627,29,-1
999,513,1589,30,-1
873,349,1377,32,-1
798,389,1547,35,-1
847,404,1535,33,-1
879,328,1405,32,-1
966,445,1601,42,-1
387,572,1591,29,-1
525,463,1580,33,-1
880,539,1569,39,-1
814,522,1617,24,-1
1041,415,1648,48,-1
666,395,1523,37,-1
701,440,1563,39,-1
756,367,1575,44,-1
675,584,1600,30,-1
706,506,1589,37,-1
847,510,1710,51,-1
713,583,1624,37,-1
695,551,1647,51,-1
930,483,1676,49,-1
646,436,1425,45,-1
638,476,1416,44,-1
674,568,1549,43,-1
471,521,1445,38,-1
439,494,1577,45,-1
35,461,1499,45,-1
95,424,1477,49,-1
147,510,1619,31,-1
104,491,1572,48,-1
118,245,1469,35,-1
183,431,1494,22,-1
101,427,1478,35,-1
26,325,1453,38,-1
115,385,1458,23,-1
115,442,1496,32,-1
122,496,1512,29,-1
77,451,1610,30,-1
37,385,1539,40,-1
87,394,1584,44,-1
130,459,1493,38,-1
892,481,1544,42,-1
734,486,1518,39,-1
965,257,1434,43,-1
904,368,1524,43,-1
896,419,1497,42,-1
885,519,1539,31,-1
807,332,1580,44,-1
923,341,1571,49,-1
838,444,1299,53,-1
928,509,1659,45,-1
836,486,1631,41,-1
974,515,1515,31,-1
883,276,1530,30,-1
936,511,1526,32,-1
837,511,1488,36,-1
841,429,1568,46,-1
902,490,1557,35,-1
823,382,1695,39,-1
873,398,1464,,-1
936,495,159,,-1
928,492,158,7,-1
870,418,158,,-1
960,483,170,9,-1
1041,454,135,12,-1
884,459,84,4,-1
1050,453,132,10,-1
904,487,225,8,-1
901,417,189,9,-1
893,479,112,6,-1
1007,460,174,6,-1
894,386,167,10,-1
878,375,187,14,-1
865,434,122,5,-1
776,270,8,,-1
953,426,185,,-1
869,466,163,14,-1
1001,354,163,25,-1
948,305,168,13,-1
929,469,1610,18,-1
874,450,1645,18,-1
880,397,1618,10,-1
889,370,1612,16,-1
917,403,1625,13,-1
836,433,1664,11,-1
899,445,1675,11,-1
1014,245,1641,27,-1
853,436,1481,7,-1
982,447,1562,22,-1
1118,438,1632,18,-1
871,451,1558,27,-1
932,530,1554,22,-1
850,420,1641,13,-1
1017,442,1588,30,-1
837,495,1592,17,-1
859,539,1689,7,-1
892,417,1577,8,-1
841,458,1657,13,-1
949,434,1642,6,-1
812,479,1538,3,-1
952,429,1601,2,-1
987,494,1693,15,-1
985,475,1576,14,-1
812,417,1675,2,-1
915,334,1465,,-1
1006,463,1589,9,-1
815,449,1630,10,-1
971,407,1588,16,-1
1089,358,1686,27,-1
931,343,1509,20,-1
961,430,1463,20,-1
1094,252,1574,20,-1
877,420,1606,26,-1
961,430,1588,26,-1
824,443,1537,29,-1
742,450,1595,22,-1
710,372,1549,25,-1
726,336,1555,11,-1
758,337,1373,22,-1
678,429,1544,29,-1
799,383,1504,19,-1
839,438,1323,20,-1
761,354,1555,11,-1
885,475,1590,21,-1
942,348,1577,26,-1
937,518,1688,27,-1
1007,516,1618,23,-1
823,403,1675,22,-1
907,366,1681,6,-1
868,431,1673,18,-1
968,436,1585,32,-1
845,438,1600,17,-1
1010,374,1577,23,-1
1233,208,1549,21,-1
834,306,1487,20,-1
933,468,1505,17,-1
942,341,1554,30,-1
862,356,1579,18,-1
950,419,1628,18,-1
906,363,1554,18,-1
959,324,1509,,-1
974,388,1537,36,-1
917,391,1585,27,-1
909,309,1385,33,-1
879,303,1497,13,-1
978,176,1660,15,-1
907,308,1406,26,-1
782,352,1572,23,-1
480,335,1566,,-1
74,278,1417,9,-1
927,485,1687,20,-1
918,301,1595,27,-1
938,276,1519,34,-1
904,389,1657,6,-1
799,429,1635,33,-1
972,374,1592,15,-1
861,350,1643,31,-1
875,544,1596,33,-1
904,297,1691,13,-1
970,312,1575,27,-1
965,451,1640,36,-1
908,348,1673,27,-1
887,377,1416,,-1
1007,529,1687,30,-1
817,339,1502,25,-1
880,297,1449,1,-1
888,368,1525,32,-1
864,294,1451,19,-1
960,374,1643,11,-1
897,490,1618,25,-1
772,393,1592,9,-1
1013,431,1606,33,-1
890,350,1630,28,-1
1034,511,1812,25,-1
1080,454,1745,30,-1
877,394,1656,26,-1
931,442,1660,29,-1
879,426,152,29,-1
910,395,216,8,-1
889,481,155,35,-1
843,456,176,22,-1
1067,275,1749,17,-1
929,428,1709,11,-1
886,440,1658,24,-1
831,434,1630,4,-1
905,459,1528,29,-1
883,300,1571,33,-1
832,413,1514,26,-1
980,390,1757,22,-1
961,361,1728,29,-1
882,450,1659,28,-1
921,401,1758,32,-1
45,428,1670,39,-1
145,393,1733,27,-1
76,234,1602,31,-1
67,0,1766,24,-1
900,430,1518,31,-1
719,438,1541,19,-1
597,402,1542,28,-1
737,422,1566,16,-1
960,464,1463,23,-1
393,399,1641,19,-1
94,414,1582,22,-1
98,481,1581,14,-1
156,404,1465,25,-1
32,373,1481,26,-1
152,442,1592,32,-1
103,335,1481,26,-1
125,436,1632,45,-1
161,256,1538,3,-1
111,342,1582,42,-1
136,407,1593,30,-1
117,371,1552,23,-1
94,368,1650,30,-1
198,327,1668,33,-1
91,283,1429,37,-1
137,308,1577,17,-1
169,475,1668,33,-1
125,356,1551,21,-1
104,263,1696,37,-1
0,331,1531,32,-1
167,299,1393,7,-1
108,386,1618,32,-1
74,326,1583,28,-1
106,221,1483,29,-1
49,386,1503,26,-1
115,379,1521,17,-1
104,402,1600,32,-1
136,432,1570,31,-1
95,339,1358,38,-1
76,342,1475,26,-1
129,392,1458,13,-1
89,443,1494,31,-1
79,415,123,26,-1
60,324,108,12,-1
98,367,10,20,-1
224,296,188,30,-1
890,457,1459,41,-1
548,436,1624,32,-1
981,373,1664,26,-1
500,334,1549,29,-1
112,437,167,34,-1
66,454,1636,37,-1
110,135,119,7,-1
944,415,1056,32,-1
987,244,201,18,-1
815,229,121,22,-1
872,371,163,15,-1
983,479,300,32,-1
936,473,217,33,-1
957,431,173,37,-1
827,451,136,35,-1
824,359,133,23,-1
883,504,181,28,-1
945,476,131,31,-1
943,527,1062,21,-1
822,404,109,21,-1
980,457,168,31,-1
1027,343,246,27,-1
840,412,259,32,-1
839,534,1647,5,-1
876,361,1674,28,-1
1023,553,1707,24,-1
907,486,1820,19,-1
801,433,1757,25,-1
843,545,1737,17,-1
864,506,1712,26,-1
930,492,1676,13,-1
821,494,1444,18,-1
997,574,1721,22,-1
1090,539,1620,28,-1
975,498,1590,16,-1
975,568,1662,8,-1
919,487,156,18,-1
826,433,199,25,-1
900,450,225,26,-1
926,491,0,22,-1
844,464,0,26,-1
1045,392,7,,-1
835,378,1484,27,-1
1065,452,1517,33,-1
893,374,1455,42,-1
929,428,1614,38,-1
1062,198,1543,19,-1
841,303,1132,26,-1
871,372,0,39,-1
824,365,27,37,-1
294,360,0,30,-1
71,305,212,35,-1
67,330,102,37,-1
903,410,1611,26,-1
867,322,1664,36,-1
918,434,1734,32,-1
881,119,1586,45,-1
992,332,1644,33,-1
287,291,1540,19,-1
164,259,1606,31,-1
95,378,1601,41,-1
98,299,1599,34,-1
816,447,1580,41,-1
971,380,1574,38,-1
884,312,1384,33,-1
999,287,1561,27,-1
925,417,1435,30,-1
781,378,1571,34,-1
669,396,1530,30,-1
132,431,1545,21,-1
138,384,964,36,-1
163,345,1655,34,-1
145,262,1346,22,-1
97,329,1754,34,-1
177,291,1643,46,-1
45,234,1421,21,-1
121,396,1661,29,-1
134,363,1544,45,-1
117,378,1647,57,-1
157,409,1740,23,-1
130,219,1658,50,-1
155,379,1687,44,-1
80,369,1608,43,-1
94,372,1632,48,-1
45,268,1633,43,-1
23,197,1507,25,-1
115,378,1527,40,-1
94,293,1706,46,-1
42,461,1634,47,-1
118,315,1588,44,-1
39,348,1448,28,-1
84,454,1457,23,-1
89,336,1534,38,-1
20,443,1578,34,-1
24,392,1451,39,-1
61,304,1496,26,-1
70,369,1686,31,-1
62,229,1417,45,-1
16,278,1539,24,-1
54,335,1690,35,-1
70,293,1564,48,-1
92,263,533,34,-1
89,244,17,38,-1
33,449,236,44,-1
0,275,284,38,-1
59,359,123,33,-1
43,215,177,33,-1
35,383,159,48,-1
0,434,137,39,-1
27,317,1433,44,-1
84,361,35,16,-1
593,314,221,31,-1
750,341,216,34,-1
930,372,163,18,-1
932,339,159,18,-1
752,305,114,21,-1
896,269,145,14,-1
950,415,1676,32,-1
866,439,1662,16,-1
1046,362,1351,20,-1
958,335,1541,41,-1
1035,382,1577,22,-1
971,319,116,29,-1
980,399,1214,31,-1
982,350,1692,36,-1
993,485,1597,38,-1
989,450,1692,33,-1
1043,374,1616,32,-1
937,459,1599,28,-1
1044,382,1608,31,-1
997,403,1639,30,-1
991,312,1735,30,-1
978,431,1658,32,-1
962,271,1545,30,-1
1139,285,1715,39,-1
1009,537,850,39,-1
1030,474,1729,32,-1
1050,380,1775,30,-1
1034,501,1677,23,-1
980,400,1706,25,-1
1067,409,1723,26,-1
1054,443,1521,22,-1
980,410,1711,22,-1
973,538,1632,20,-1
1141,365,1675,34,-1
1076,487,1745,27,-1
953,499,1694,29,-1
1064,473,1633,40,-1
877,465,1557,38,-1
1051,522,1784,42,-1
1097,450,1558,33,-1
1153,472,1697,18,-1
1003,449,1587,28,-1
1089,443,1617,13,-1
1040,466,1742,35,-1
965,482,1692,36,-1
1029,450,1785,38,-1
1038,442,1788,20,-1
964,439,1638,30,-1
1174,402,1821,27,-1
1028,453,1756,36,-1
1034,377,1733,33,-1
962,294,1798,38,-1
1033,467,1665,37,-1
1094,356,1727,41,-1
1004,472,1764,25,-1
1115,369,1533,25,-1
1015,410,1723,34,-1
987,481,1666,36,-1
1139,351,1388,38,-1
961,455,1714,30,-1
1051,569,1744,34,-1
1000,498,1546,13,-1
951,410,1641,28,-1
1036,440,1593,40,-1
980,367,1592,32,-1
1028,381,1649,27,-1
1079,321,1493,30,-1
1369,65,1471,2,-1
957,167,1522,36,-1
1104,241,1274,33,-1
1070,375,1731,36,-1
1036,461,1706,21,-1
1011,411,1644,44,-1
1056,429,1749,36,-1
1069,473,1600,36,-1
1070,412,1729,49,-1
1178,340,1721,46,-1
1024,475,1603,32,-1
1030,445,110,37,-1
1072,415,1641,40,-1
1136,325,1616,26,-1
1005,420,1540,39,-1
969,426,1722,39,-1
1136,364,1409,22,-1
939,511,1730,43,-1
1003,450,1650,38,-1
1112,323,1441,27,-1
986,463,1673,42,-1
1026,345,1564,34,-1
992,506,1611,44,-1
930,365,1558,29,-1
1016,536,1640,38,-1
965,542,1636,46,-1
936,497,1677,31,-1
1043,602,1670,31,-1
960,478,1686,45,-1
987,454,1613,28,-1
946,556,1570,26,-1
1128,452,1695,33,-1
961,634,1759,39,-1
970,526,1701,32,-1
842,494,1689,44,-1
887,515,1585,23,-1
1038,511,1654,41,-1
972,477,1744,28,-1
1028,529,1588,32,-1
994,505,1776,49,-1
1167,542,1565,4,-1
944,649,1647,27,-1
980,566,1744,42,-1
908,647,1763,40,-1
1046,687,1663,40,-1
1047,633,1650,34,-1
1022,526,1569,31,-1
1040,604,1651,36,-1
1099,593,1704,40,-1
1014,616,1757,43,-1
1016,583,1523,32,-1
1037,541,1576,23,-1
1018,442,1521,40,-1
1076,523,1606,38,-1
1018,599,1556,36,-1
1088,410,1490,33,-1
1063,559,1655,35,-1
1047,564,1575,43,-1
957,439,1549,35,-1
900,504,1684,25,-1
1085,508,1586,32,-1
974,511,1681,29,-1
1051,496,1731,35,-1
1148,492,1704,29,-1
1068,366,1673,25,-1
942,564,1699,35,-1
1043,497,1685,28,-1
992,505,1674,30,-1
1086,475,1698,30,-1
888,492,1534,40,-1
998,498,1556,20,-1
1193,506,1644,41,-1
940,563,1626,21,-1
1045,569,1744,35,-1
1049,591,1721,41,-1
1007,515,1617,38,-1
1031,468,1694,32,-1
920,466,1644,40,-1
1061,419,1630,29,-1
1042,514,1653,30,-1
1072,420,1492,21,-1
1059,429,1717,37,-1
1053,444,1621,36,-1
921,308,1531,31,-1
1005,486,1625,27,-1
1058,420,1668,37,-1
1075,584,1680,43,-1
1117,483,1616,31,-1
1067,465,1502,37,-1
1038,494,1672,35,-1
1000,412,1554,28,-1
1065,390,1561,29,-1
991,458,1691,39,-1
1001,418,1762,38,-1
1061,384,1581,45,-1
954,428,1737,29,-1
1034,400,1567,36,-1
1032,419,1678,38,-1
928,307,1633,33,-1
1047,454,1532,30,-1
1049,390,1658,23,-1
1051,399,1617,33,-1
1016,384,1661,40,-1
997,271,1597,8,-1
1069,307,1431,25,-1
1076,276,1713,36,-1
1309,353,1580,19,-1
1045,441,1512,32,-1
1133,298,1540,37,-1
1046,329,1642,33,-1
1109,341,1582,29,-1
1007,425,1713,35,-1
1050,364,1644,40,-1
1066,376,1510,12,-1
1035,412,1636,37,-1
1098,412,1552,30,-1
1054,262,1531,20,-1
1034,433,1627,31,-1
1103,333,1780,31,-1
982,272,1720,35,-1
942,316,1774,38,-1
1039,424,1611,21,-1
958,403,1724,36,-1
1013,469,1823,16,-1
973,455,1693,34,-1
872,458,1739,41,-1
1027,359,1709,44,-1
951,440,1784,45,-1
1110,451,1754,37,-1
998,436,1759,46,-1
918,526,1732,40,-1
877,408,1729,48,-1
903,459,1575,41,-1
870,383,1759,39,-1
893,260,1567,39,-1
885,346,1696,33,-1
835,249,1712,42,-1
1010,318,1662,48,-1
807,369,1729,41,-1
942,369,1830,54,-1
900,432,1800,33,-1
1011,329,1733,54,-1
847,259,1733,24,-1
1025,362,1720,19,-1
937,300,1703,36,-1
916,341,1714,17,-1
915,262,1605,25,-1
988,418,1597,37,-1
866,286,1606,9,-1
820,322,1677,36,-1
847,289,1590,33,-1
1030,296,1492,8,-1
900,185,1462,32,-1
1150,273,1693,37,-1
1010,282,1513,37,-1
944,431,1662,35,-1
930,177,1601,38,-1
816,262,1456,30,-1
938,274,1648,19,-1
1027,343,1799,40,-1
988,307,1684,36,-1
783,215,1783,37,-1
734,315,1652,33,-1
675,262,1671,19,-1
777,214,1662,23,-1
922,288,1542,29,-1
1042,408,1721,24,-1
1089,331,1532,33,-1
891,333,1501,13,-1
890,348,1460,33,-1
834,364,1538,5,-1
961,409,1494,30,-1
885,361,1512,39,-1
784,393,1521,17,-1
0,342,1455,25,-1
0,398,1591,28,-1
2,319,1441,30,-1
830,130,1495,33,-1
825,360,1672,31,-1
821,314,1560,33,-1
713,346,1608,59,-1
821,409,1656,46,-1
829,403,1559,38,-1
874,341,1629,34,-1
807,307,1646,35,-1
710,263,1464,23,-1
796,237,1678,35,-1
783,146,1665,27,-1
841,398,1603,36,-1
934,141,1530,43,-1
878,107,1632,42,-1
873,149,1650,40,-1
848,156,1616,41,-1
864,142,1742,42,-1
909,221,1537,48,-1
832,193,1545,29,-1
880,201,1729,40,-1
938,282,1742,40,-1
845,184,1705,34,-1
805,0,1539,49,-1
783,150,1731,37,-1
943,112,1701,33,-1
825,212,1720,46,-1
822,151,1763,34,-1
842,123,1660,44,-1
841,210,1663,51,-1
879,131,1671,11,-1
872,147,1728,48,-1
971,120,1786,36,-1
891,179,1731,25,-1
838,143,1619,36,-1
803,85,1768,39,-1
954,283,1745,43,-1
1010,352,1695,50,-1
860,218,1750,44,-1
801,242,1672,33,-1
882,0,1687,33,-1
820,281,1748,39,-1
889,401,1658,31,-1
855,339,1634,51,-1
801,318,1648,32,-1
887,145,1322,30,-1
751,348,1571,44,-1
66,365,1553,40,-1
46,167,1402,40,-1
49,325,1619,29,-1
30,224,1518,34,-1
15,326,1526,39,-1
35,291,1683,37,-1
51,195,1362,36,-1
42,189,1594,36,-1
51,185,1607,28,-1
14,338,1619,50,-1
63,156,1535,29,-1
53,237,1539,29,-1
27,161,1425,50,-1
42,196,1666,46,-1
0,152,1471,18,-1
125,327,1709,41,-1
137,198,1624,40,-1
7,206,1519,29,-1
102,292,1654,37,-1
67,218,1561,40,-1
86,274,1536,26,-1
49,319,1629,40,-1
11,263,1022,44,-1
128,316,99,44,-1
48,316,100,49,-1
59,340,105,34,-1
58,202,48,34,-1
0,227,103,46,-1
94,155,61,23,-1
159,279,60,39,-1
152,349,118,27,-1
152,390,108,39,-1
79,229,124,51,-1
136,335,160,40,-1
158,328,91,48,-1
165,302,132,51,-1
129,394,204,49,-1
41,270,141,33,-1
143,417,142,31,-1
161,400,184,38,-1
156,219,128,31,-1
154,372,98,17,-1
105,359,104,29,-1
151,395,140,38,-1
168,291,144,30,-1
274,412,114,29,-1
165,155,185,34,-1
633,181,68,16,-1
1091,307,1740,21,-1
1285,459,1786,30,-1
989,281,1697,34,-1
980,182,1751,20,-1
908,339,1756,35,-1
848,256,106,37,-1
1014,347,1728,42,-1
921,306,1766,39,-1
1092,339,952,43,-1
970,296,1651,38,-1
987,338,1749,31,-1
937,335,1663,43,-1
970,328,1671,38,-1
957,316,1617,30,-1
909,321,1681,38,-1
1119,234,154,37,-1
959,396,172,39,-1
940,345,1733,45,-1
942,189,1631,31,-1
860,372,90,38,-1
962,357,185,37,-1
924,295,3,36,-1
1028,431,1685,43,-1
924,323,1629,41,-1
1030,460,1772,26,-1
996,357,1682,41,-1
1021,393,1716,34,-1
914,407,1765,33,-1
937,245,1546,33,-1
1011,271,1757,31,-1
